2443144.500000000, A.D. 1977-Jan-01 00:00:00.0000, -2.753126391894513E+07,  1.444972471173636E+08,  7.510094160541892E+03, -2.973906394248862E+01, -5.692175976123417E+00,  5.665776172829595E-04,
2443145.500000000, A.D. 1977-Jan-02 00:00:00.0000, -3.009623601555467E+07,  1.439830712397934E+08,  7.553998180843890E+03, -2.963382256429464E+01, -6.209686758060182E+00,  4.424502282525111E-04,
2443146.500000000, A.D. 1977-Jan-03 00:00:00.0000, -3.265173624267678E+07,  1.434242761637068E+08,  7.585343895368278E+03, -2.951982352174061E+01, -6.725013363186690E+00,  2.765095242245330E-04,
2443147.500000000, A.D. 1977-Jan-04 00:00:00.0000, -3.519701193831522E+07,  1.428210541268894E+08,  7.600705844968557E+03, -2.939715809653351E+01, -7.238076736754783E+00,  7.336601066354476E-05,
2443148.500000000, A.D. 1977-Jan-05 00:00:00.0000, -3.773131790949471E+07,  1.421736035282141E+08,  7.597132764548063E+03, -2.926590696896152E+01, -7.748813362589332E+00, -1.605710327816645E-04,
2443149.500000000, A.D. 1977-Jan-06 00:00:00.0000, -4.025391526057237E+07,  1.414821276094956E+08,  7.572311966046691E+03, -2.912613417498644E+01, -8.257174257673093E+00, -4.169145896266713E-04,
2443150.500000000, A.D. 1977-Jan-07 00:00:00.0000, -4.276406968601140E+07,  1.407468333436245E+08,  7.524740517601371E+03, -2.897788097257999E+01, -8.763121165167089E+00, -6.853344474007095E-04,
2443151.500000000, A.D. 1977-Jan-08 00:00:00.0000, -4.526104927751516E+07,  1.399679307708580E+08,  7.453882164977491E+03, -2.882116094769927E+01, -9.266620065009130E+00, -9.538563826527735E-04,
2443152.500000000, A.D. 1977-Jan-09 00:00:00.0000, -4.774412200266069E+07,  1.391456329860983E+08,  7.360287106864154E+03, -2.865595744289181E+01, -9.767632763788646E+00, -1.209415947893699E-03,
2443153.500000000, A.D. 1977-Jan-10 00:00:00.0000, -5.021255308203685E+07,  1.382801568957581E+08,  7.245655114591122E+03, -2.848222380455580E+01, -1.026610768211022E+01, -1.438602369028708E-03,
2443154.500000000, A.D. 1977-Jan-11 00:00:00.0000, -5.266560250636215E+07,  1.373717247677347E+08,  7.112829242989421E+03, -2.829988631356408E+01, -1.076197084135165E+01, -1.628507992883499E-03,
2443155.500000000, A.D. 1977-Jan-12 00:00:00.0000, -5.510252290707970E+07,  1.364205665308973E+08,  6.965713944084942E+03, -2.810884936912331E+01, -1.125511756648241E+01, -1.767622381733780E-03,
2443156.500000000, A.D. 1977-Jan-13 00:00:00.0000, -5.752255796358976E+07,  1.354269227577066E+08,  6.809114687174559E+03, -2.790900274341735E+01, -1.174540496126448E+01, -1.846756127871885E-03,
2443157.500000000, A.D. 1977-Jan-14 00:00:00.0000, -5.992494154015125E+07,  1.343910482618000E+08,  6.648496117152274E+03, -2.770023134290611E+01, -1.223264525919981E+01, -1.860003140364164E-03,
2443158.500000000, A.D. 1977-Jan-15 00:00:00.0000, -6.230889780577924E+07,  1.333132162038589E+08,  6.489656299911439E+03, -2.748242834438033E+01, -1.271660096232979E+01, -1.805706987592082E-03,
2443159.500000000, A.D. 1977-Jan-16 00:00:00.0000, -6.467364265351858E+07,  1.321937224650714E+08,  6.338322350554168E+03, -2.725551208965715E+01, -1.319698398213726E+01, -1.687275494265172E-03,
2443160.500000000, A.D. 1977-Jan-17 00:00:00.0000, -6.701838669900795E+07,  1.310328898111079E+08,  6.199692705415189E+03, -2.701944529104038E+01, -1.367346185960552E+01, -1.513541607887525E-03,
2443161.500000000, A.D. 1977-Jan-18 00:00:00.0000, -6.934233989928094E+07,  1.298310711244608E+08,  6.077980725102127E+03, -2.677425243806258E+01, -1.414567328041876E+01, -1.298319676831028E-03,
2443162.500000000, A.D. 1977-Jan-19 00:00:00.0000, -7.164471738763681E+07,  1.285886509141959E+08,  5.976039027459919E+03, -2.652002955382005E+01, -1.461325191084969E+01, -1.058978152285839E-03,
2443163.500000000, A.D. 1977-Jan-20 00:00:00.0000, -7.392474564109671E+07,  1.273060445820071E+08,  5.895143848203123E+03, -2.625694165619176E+01, -1.507585332084899E+01, -8.142331899563260E-04,
2443164.500000000, A.D. 1977-Jan-21 00:00:00.0000, -7.618166786943945E+07,  1.259836955047254E+08,  5.834983447603881E+03, -2.598520770475811E+01, -1.553317732678077E+01, -5.817499037679141E-04,
2443165.500000000, A.D. 1977-Jan-22 00:00:00.0000, -7.841474772618212E+07,  1.246220706189330E+08,  5.793836698077619E+03, -2.570507795786761E+01, -1.598497964062489E+01, -3.762419892376911E-04,
2443166.500000000, A.D. 1977-Jan-23 00:00:00.0000, -8.062327100193213E+07,  1.232216555314222E+08,  5.768877192482352E+03, -2.541681113158100E+01, -1.643107139907818E+01, -2.085042570225681E-04,
2443167.500000000, A.D. 1977-Jan-24 00:00:00.0000, -8.280654556241739E+07,  1.217829500899572E+08,  5.756518783152103E+03, -2.512065732497951E+01, -1.687130978066165E+01, -8.539022746756331E-05,
2443168.500000000, A.D. 1977-Jan-25 00:00:00.0000, -8.496390015807025E+07,  1.203064649613098E+08,  5.752732575878501E+03, -2.481684904700472E+01, -1.730558495233169E+01, -1.043021334279359E-05,
2443169.500000000, A.D. 1977-Jan-26 00:00:00.0000, -8.709468278241351E+07,  1.187927193259959E+08,  5.753297157280147E+03, -2.450559939749734E+01, -1.773380787506524E+01,  1.530321193143891E-05,
2443170.500000000, A.D. 1977-Jan-27 00:00:00.0000, -8.919825909219001E+07,  1.172422394906128E+08,  5.753974986419082E+03, -2.418710484585117E+01, -1.815590150832953E+01, -7.608482039067610E-06,
2443171.500000000, A.D. 1977-Jan-28 00:00:00.0000, -9.127401116856402E+07,  1.156555580832302E+08,  5.750628618560731E+03, -2.386154994480914E+01, -1.857179610755260E+01, -7.750134190143143E-05,
2443172.500000000, A.D. 1977-Jan-29 00:00:00.0000, -9.332133669261053E+07,  1.140332134912009E+08,  5.739299913905561E+03, -2.352911192510515E+01, -1.898142818941858E+01, -1.919117274686855E-04,
2443173.500000000, A.D. 1977-Jan-30 00:00:00.0000, -9.533964846111710E+07,  1.123757492617830E+08,  5.716277039237320E+03, -2.318996379711755E+01, -1.938474225715781E+01, -3.475815766398327E-04,
2443174.500000000, A.D. 1977-Jan-31 00:00:00.0000, -9.732837407286456E+07,  1.106837132730231E+08,  5.678171399772167E+03, -2.284427507989285E+01, -1.978169420277286E+01, -5.402333441768548E-04,
2443175.500000000, A.D. 1977-Feb-01 00:00:00.0000, -9.928695555498588E+07,  1.089576565816546E+08,  5.622021406106651E+03, -2.249220962326401E+01, -2.017225516143675E+01, -7.641886867517655E-04,
2443176.500000000, A.D. 1977-Feb-02 00:00:00.0000, -1.012148486682042E+08,  1.071981319693628E+08,  5.545432207681239E+03, -2.213392036774835E+01, -2.055641437978028E+01, -1.011938494146492E-03,
2443177.500000000, A.D. 1977-Feb-03 00:00:00.0000, -1.031115216403439E+08,  1.054056923422668E+08,  5.446749475948513E+03, -2.176954149185811E+01, -2.093417946770190E+01, -1.273812653616702E-03,
2443178.500000000, A.D. 1977-Feb-04 00:00:00.0000, -1.049764531531259E+08,  1.035808892784196E+08,  5.325251041121781E+03, -2.139917928745802E+01, -2.130557250100635E+01, -1.537927236990200E-03,
2443179.500000000, A.D. 1977-Feb-05 00:00:00.0000, -1.068091295656518E+08,  1.017242721253657E+08,  5.181325073808432E+03, -2.102290406489918E+01, -2.167062114585787E+01, -1.790570622000054E-03,
2443180.500000000, A.D. 1977-Feb-06 00:00:00.0000, -1.086090415844340E+08,  9.983638806510974E+07,  5.016592889778316E+03, -2.064074590018147E+01, -2.202934538050904E+01, -2.017099369533426E-03,
2443181.500000000, A.D. 1977-Feb-07 00:00:00.0000, -1.103756808194770E+08,  9.791778344006366E+07,  4.833934788376093E+03, -2.025269652605468E+01, -2.238174209014349E+01, -2.203258091403981E-03,
2443182.500000000, A.D. 1977-Feb-08 00:00:00.0000, -1.121085368005124E+08,  9.596900638047707E+07,  4.637391908548772E+03, -1.985871802384398E+01, -2.272777094328574E+01, -2.336679031907707E-03,
2443183.500000000, A.D. 1977-Feb-09 00:00:00.0000, -1.138070949926096E+08,  9.399061047726506E+07,  4.431942168764770E+03, -1.945875686730108E+01, -2.306734475446651E+01, -2.408245717797186E-03,
2443184.500000000, A.D. 1977-Feb-10 00:00:00.0000, -1.154708361546537E+08,  9.198315902576296E+07,  4.223173916451633E+03, -1.905276043429923E+01, -2.340032602083279E+01, -2.413065837368222E-03,
2443185.500000000, A.D. 1977-Feb-11 00:00:00.0000, -1.170992371227215E+08,  8.994722930419053E+07,  4.016896767102182E+03, -1.864069305992856E+01, -2.372652941109602E+01, -2.350948283291743E-03,
2443186.500000000, A.D. 1977-Feb-12 00:00:00.0000, -1.186917728893748E+08,  8.788341642921118E+07,  3.818731736596674E+03, -1.822254978955194E+01, -2.404572879496768E+01, -2.226418797784291E-03,
2443187.500000000, A.D. 1977-Feb-13 00:00:00.0000, -1.202479197469063E+08,  8.579233646190700E+07,  3.633716747738421E+03, -1.779836722619664E+01, -2.435766737318125E+01, -2.048362381463775E-03,
2443188.500000000, A.D. 1977-Feb-14 00:00:00.0000, -1.217671592393872E+08,  8.367462853467306E+07,  3.465956901457161E+03, -1.736823138165977E+01, -2.466207014351015E+01, -1.829349131391211E-03,
2443189.500000000, A.D. 1977-Feb-15 00:00:00.0000, -1.232489826499058E+08,  8.153095581025736E+07,  3.318346401311457E+03, -1.693228208043062E+01, -2.495865842219915E+01, -1.584648221927054E-03,
2443190.500000000, A.D. 1977-Feb-16 00:00:00.0000, -1.246928956815698E+08,  7.936200511656485E+07,  3.192389084357768E+03, -1.649071282577564E+01, -2.524716579529009E+01, -1.330937451502479E-03,
2443191.500000000, A.D. 1977-Feb-17 00:00:00.0000, -1.260984228881152E+08,  7.716848519855925E+07,  3.088140684477985E+03, -1.604376500608284E+01, -2.552735379140250E+01, -1.084801935569146E-03,
2443192.500000000, A.D. 1977-Feb-18 00:00:00.0000, -1.274651113517238E+08,  7.495112372412415E+07,  3.004282446090132E+03, -1.559171639850726E+01, -2.579902455985623E+01, -8.612402748688908E-04,
2443193.500000000, A.D. 1977-Feb-19 00:00:00.0000, -1.287925331784986E+08,  7.271066342368145E+07,  2.938313081573695E+03, -1.513486574403042E+01, -2.606202787898377E+01, -6.724667161766007E-04,
2443194.500000000, A.D. 1977-Feb-20 00:00:00.0000, -1.300802866058024E+08,  7.044785792205340E+07,  2.886822509985417E+03, -1.467351664319583E+01, -2.631626123413950E+01, -5.272435688947752E-04,
2443195.500000000, A.D. 1977-Feb-21 00:00:00.0000, -1.313279958148183E+08,  6.816346783950837E+07,  2.845797118272632E+03, -1.420796419132603E+01, -2.656166381946512E+01, -4.308145717253353E-04,
2443196.500000000, A.D. 1977-Feb-22 00:00:00.0000, -1.325353097925619E+08,  6.585825758647282E+07,  2.810908328372985E+03, -1.373848655866738E+01, -2.679820697696429E+01, -3.853268101803309E-04,
2443197.500000000, A.D. 1977-Feb-23 00:00:00.0000, -1.337019007003765E+08,  6.353299302972037E+07,  2.777751507423818E+03, -1.326534190684005E+01, -2.702588405450295E+01, -3.905171909028837E-04,
2443198.500000000, A.D. 1977-Feb-24 00:00:00.0000, -1.348274621708820E+08,  6.118843997133882E+07,  2.742022720277309E+03, -1.278876955138701E+01, -2.724470203812118E+01, -4.444294976515550E-04,
2443199.500000000, A.D. 1977-Feb-25 00:00:00.0000, -1.359117078252943E+08,  5.882536322493754E+07,  2.699638744913042E+03, -1.230899358643212E+01, -2.745467621085293E+01, -5.439885544724632E-04,
2443200.500000000, A.D. 1977-Feb-26 00:00:00.0000, -1.369543701447917E+08,  5.644452601064843E+07,  2.646817281194031E+03, -1.182622717916827E+01, -2.765582809134533E+01, -6.853381242013512E-04,
2443201.500000000, A.D. 1977-Feb-27 00:00:00.0000, -1.379551996875068E+08,  5.404668939923151E+07,  2.580139356300235E+03, -1.134067606131379E+01, -2.784818625648568E+01, -8.639146936211262E-04,
2443202.500000000, A.D. 1977-Feb-28 00:00:00.0000, -1.389139645307873E+08,  5.163261158679782E+07,  2.496616320144385E+03, -1.085254008788512E+01, -2.803178929137696E+01, -1.074272853669456E-03,
2443203.500000000, A.D. 1977-Mar-01 00:00:00.0000, -1.398304497323861E+08,  4.920304685869333E+07,  2.393781026236713E+03, -1.036201198911378E+01, -2.820668983757658E+01, -1.309711124919843E-03,
2443204.500000000, A.D. 1977-Mar-02 00:00:00.0000, -1.407044565390519E+08,  4.675874420467929E+07,  2.269816923160106E+03, -9.869272698125988E+00, -2.837295834558767E+01, -1.561787909380996E-03,
2443205.500000000, A.D. 1977-Mar-03 00:00:00.0000, -1.415358010363255E+08,  4.430044568884014E+07,  2.123728560857475E+03, -9.374483132893408E+00, -2.853068464232122E+01, -1.819878062873315E-03,
2443206.500000000, A.D. 1977-Mar-04 00:00:00.0000, -1.423243119620039E+08,  4.182888486059357E+07,  1.955540833365172E+03, -8.877773320435848E+00, -2.867997501807023E+01, -2.070994044203189E-03,
2443207.500000000, A.D. 1977-Mar-05 00:00:00.0000, -1.430698275477872E+08,  3.934478568907454E+07,  1.766492555061355E+03, -8.379231341253684E+00, -2.882094275586561E+01, -2.300140272225804E-03,
2443208.500000000, A.D. 1977-Mar-06 00:00:00.0000, -1.437721915429634E+08,  3.684886262877209E+07,  1.559168232567608E+03, -7.878896245730664E+00, -2.895369152835464E+01, -2.491411429982548E-03,
2443209.500000000, A.D. 1977-Mar-07 00:00:00.0000, -1.444312489697687E+08,  3.434182235521675E+07,  1.337502012962475E+03, -7.376759638935621E+00, -2.907829403022186E+01, -2.629824397205383E-03,
2443210.500000000, A.D. 1977-Mar-08 00:00:00.0000, -1.450468425042066E+08,  3.182436735861453E+07,  1.106603160571307E+03, -6.872778734352295E+00, -2.919477148533286E+01, -2.703529344607603E-03,
2443211.500000000, A.D. 1977-Mar-09 00:00:00.0000, -1.456188104437387E+08,  2.929720101598831E+07,  8.723965044636279E+02, -6.366899360096324E+00, -2.930308100401113E+01, -2.705765462875931E-03,
2443212.500000000, A.D. 1977-Mar-10 00:00:00.0000, -1.461469868869536E+08,  2.676103323136427E+07,  6.411283052843064E+02, -5.859082889749565E+00, -2.940311548471229E+01, -2.635936986612464E-03,
2443213.500000000, A.D. 1977-Mar-11 00:00:00.0000, -1.466312041299008E+08,  2.421658553384947E+07,  4.188289029486477E+02, -5.349329431944110E+00, -2.949471576831036E+01, -2.499531201545224E-03,
2443214.500000000, A.D. 1977-Mar-12 00:00:00.0000, -1.470712966972269E+08,  2.166459475900156E+07,  2.108272511390969E+02, -4.837691945063547E+00, -2.957769025128474E+01, -2.307062607341592E-03,
2443215.500000000, A.D. 1977-Mar-13 00:00:00.0000, -1.474671061508975E+08,  1.910581493829838E+07,  2.138220971170813E+01, -4.324280313435930E+00, -2.965183580133529E+01, -2.072511738809624E-03,
2443216.500000000, A.D. 1977-Mar-14 00:00:00.0000, -1.478184858993501E+08,  1.654101749416333E+07, -1.465465704714879E+02, -3.809257852318918E+00, -2.971695557072372E+01, -1.811718213229341E-03,
2443217.500000000, A.D. 1977-Mar-15 00:00:00.0000, -1.481253055041962E+08,  1.397099009509246E+07, -2.913972959415987E+02, -3.292833713907712E+00, -2.977287215329646E+01, -1.540992772627092E-03,
2443218.500000000, A.D. 1977-Mar-16 00:00:00.0000, -1.483874542517179E+08,  1.139653456161691E+07, -4.129969811649062E+02, -2.775253768118900E+00, -2.981943657190590E+01, -1.276010151434193E-03,
2443219.500000000, A.D. 1977-Mar-17 00:00:00.0000, -1.486048439159801E+08,  8.818464136151634E+06, -5.124674270148389E+02, -2.256791096441657E+00, -2.985653418120299E+01, -1.030939292130384E-03,
2443220.500000000, A.D. 1977-Mar-18 00:00:00.0000, -1.487774106926368E+08,  6.237600349390562E+06, -5.920644979295321E+02, -1.737736300725757E+00, -2.988408815840802E+01, -8.177648674028148E-04,
2443221.500000000, A.D. 1977-Mar-19 00:00:00.0000, -1.489051162888975E+08,  3.654769686432492E+06, -6.549669175830204E+02, -1.218387697672458E+00, -2.990206061404096E+01, -6.458017043389219E-04,
2443222.500000000, A.D. 1977-Mar-20 00:00:00.0000, -1.489879481766727E+08,  1.070800268832162E+06, -7.050328365253517E+02, -6.990418765281964E-01, -2.991045107878232E+01, -5.214420997230462E-04,
2443223.500000000, A.D. 1977-Mar-21 00:00:00.0000, -1.490259190777900E+08, -1.513481218100647E+06, -7.465460094138980E+02, -1.799855396815346E-01, -2.990929238848551E+01, -4.481708221515390E-04,
2443224.500000000, A.D. 1977-Mar-22 00:00:00.0000, -1.490190658362885E+08, -4.097252150007751E+06, -7.839746201101225E+02,  3.385103805096678E-01, -2.989864458385627E+01, -4.268357208374596E-04,
2443225.500000000, A.D. 1977-Mar-23 00:00:00.0000, -1.489674479045756E+08, -6.679696015540972E+06, -8.217621226892807E+02,  8.561937285445457E-01, -2.987858797476462E+01, -4.561018294069186E-04,
2443226.500000000, A.D. 1977-Mar-24 00:00:00.0000, -1.488711456943478E+08, -9.260003881233120E+06, -8.641612454680726E+02,  1.372831316725566E+00, -2.984921669697463E+01, -5.329759822156888E-04,
2443227.500000000, A.D. 1977-Mar-25 00:00:00.0000, -1.487302590098650E+08, -1.183737536219718E+07, -9.151120332377031E+02,  1.888206981748847E+00, -2.981063386549432E+01, -6.532831049597121E-04,
2443228.500000000, A.D. 1977-Mar-26 00:00:00.0000, -1.485449057039519E+08, -1.441101926790810E+07, -9.781554093174636E+02,  2.402118564963350E+00, -2.976294896300230E+01, -8.119993089010791E-04,
2443229.500000000, A.D. 1977-Mar-27 00:00:00.0000, -1.483152205992599E+08, -1.698015412540029E+07, -1.056367130565457E+03,  2.914374985336838E+00, -2.970627759753168E+01, -1.003384605542834E-03,
2443230.500000000, A.D. 1977-Mar-28 00:00:00.0000, -1.480413546178092E+08, -1.954400877454164E+07, -1.152293737040833E+03,  3.424794523613569E+00, -2.964074333160085E+01, -1.220896188684151E-03,
2443231.500000000, A.D. 1977-Mar-29 00:00:00.0000, -1.477234739694661E+08, -2.210182318777515E+07, -1.267872009549290E+03,  3.933205333757024E+00, -2.956648090260247E+01, -1.456899411302004E-03,
2443232.500000000, A.D. 1977-Mar-30 00:00:00.0000, -1.473617591677848E+08, -2.465284958966874E+07, -1.404316688304767E+03,  4.439449055408032E+00, -2.948363971014506E+01, -1.702236628455367E-03,
2443233.500000000, A.D. 1977-Mar-31 00:00:00.0000, -1.469564035781226E+08, -2.719635382959085E+07, -1.561968970082700E+03,  4.943388071127029E+00, -2.939238584082247E+01, -1.945777958521688E-03,
2443234.500000000, A.D. 1977-Apr-01 00:00:00.0000, -1.465076111866585E+08, -2.973161678097044E+07, -1.740112776571885E+03,  5.444916129128994E+00, -2.929290020329132E+01, -2.174168795241016E-03,
2443235.500000000, A.D. 1977-Apr-02 00:00:00.0000, -1.460155933671613E+08, -3.225793531047678E+07, -1.936788557540625E+03,  5.943970419263474E+00, -2.918536999356098E+01, -2.372082021794952E-03,
2443236.500000000, A.D. 1977-Apr-03 00:00:00.0000, -1.454805646861528E+08, -3.477462214576747E+07, -2.148662678457797E+03,  6.440540843741433E+00, -2.906997159817831E+01, -2.523299269677537E-03,
2443237.500000000, A.D. 1977-Apr-04 00:00:00.0000, -1.449027382486780E+08, -3.728100392173713E+07, -2.371032442664728E+03,  6.934670287758562E+00, -2.894684609896179E+01, -2.612763585833733E-03,
2443238.500000000, A.D. 1977-Apr-05 00:00:00.0000, -1.442823216191546E+08, -3.977641699128325E+07, -2.598041690638289E+03,  7.426440410595592E+00, -2.881607346058946E+01, -2.629304405717292E-03,
2443239.500000000, A.D. 1977-Apr-06 00:00:00.0000, -1.436195146362563E+08, -4.226020130636475E+07, -2.823132395738736E+03,  7.915942589164435E+00, -2.867765546898965E+01, -2.568201986704821E-03,
2443240.500000000, A.D. 1977-Apr-07 00:00:00.0000, -1.429145101359544E+08, -4.473169354557479E+07, -3.039672605104744E+03,  8.403241515591137E+00, -2.853151638446744E+01, -2.432545910851402E-03,
2443241.500000000, A.D. 1977-Apr-08 00:00:00.0000, -1.421674976854870E+08, -4.719022115429488E+07, -3.241624481305480E+03,  8.888344061855095E+00, -2.837752284667835E+01, -2.232768643958494E-03,
2443242.500000000, A.D. 1977-Apr-09 00:00:00.0000, -1.413786693835591E+08, -4.963509868737632E+07, -3.424098759021610E+03,  9.371183715241839E+00, -2.821551542770320E+01, -1.984593715583571E-03,
2443243.500000000, A.D. 1977-Apr-10 00:00:00.0000, -1.405482262228872E+08, -5.206562695627072E+07, -3.583694917995483E+03,  9.851622729242520E+00, -2.804534010491020E+01, -1.706301799428545E-03,
2443244.500000000, A.D. 1977-Apr-11 00:00:00.0000, -1.396763836827081E+08, -5.448109455479722E+07, -3.718611072201282E+03,  1.032946649022542E+01, -2.786687089827587E+01, -1.416264746309182E-03,
2443245.500000000, A.D. 1977-Apr-12 00:00:00.0000, -1.387633758454089E+08, -5.688078084908706E+07, -3.828573013905436E+03,  1.080448204750561E+01, -2.768002121599005E+01, -1.131266999248481E-03,
2443246.500000000, A.D. 1977-Apr-13 00:00:00.0000, -1.378094579608852E+08, -5.926395953636426E+07, -3.914654704350978E+03,  1.127641481522008E+01, -2.748474630505470E+01, -8.656457328068967E-04,
2443247.500000000, A.D. 1977-Apr-14 00:00:00.0000, -1.368149077463297E+08, -6.162990217558897E+07, -3.979051572024822E+03,  1.174500100366356E+01, -2.728104079713638E+01, -6.310092798784694E-04,
2443248.500000000, A.D. 1977-Apr-15 00:00:00.0000, -1.357800257949560E+08, -6.397788141578054E+07, -4.024844192460179E+03,  1.220997598493839E+01, -2.706893457752728E+01, -4.362547594798372E-04,
2443249.500000000, A.D. 1977-Apr-16 00:00:00.0000, -1.347051353914137E+08, -6.630717386124592E+07, -4.055769062571228E+03,  1.267107990135181E+01, -2.684848867030157E+01, -2.876920227787849E-04,
2443250.500000000, A.D. 1977-Apr-17 00:00:00.0000, -1.335905819142740E+08, -6.861706260023721E+07, -4.076001307651401E+03,  1.312806178843239E+01, -2.661979155662858E+01, -1.891897091290673E-04,
2443251.500000000, A.D. 1977-Apr-18 00:00:00.0000, -1.324367319182399E+08, -7.090683942626984E+07, -4.089950541011989E+03,  1.358068293271163E+01, -2.638295567770247E+01, -1.423364796586668E-04,
2443252.500000000, A.D. 1977-Apr-19 00:00:00.0000, -1.312439719528315E+08, -7.317580675203183E+07, -4.102072172205895E+03,  1.402871959687886E+01, -2.613811377110822E+01, -1.466418033828631E-04,
2443253.500000000, A.D. 1977-Apr-20 00:00:00.0000, -1.300127071804829E+08, -7.542327919455293E+07, -4.116698480706662E+03,  1.447196488745639E+01, -2.588541493715786E+01, -1.997935868729428E-04,
2443254.500000000, A.D. 1977-Apr-21 00:00:00.0000, -1.287433598804408E+08, -7.764858481661092E+07, -4.137894136298448E+03,  1.491022949793553E+01, -2.562502068265752E+01, -2.979619862433225E-04,
2443255.500000000, A.D. 1977-Apr-22 00:00:00.0000, -1.274363679400795E+08, -7.985106604285440E+07, -4.169338601373136E+03,  1.534334127465889E+01, -2.535710144150459E+01, -4.361092319697946E-04,
2443256.500000000, A.D. 1977-Apr-23 00:00:00.0000, -1.260921834256952E+08, -8.203008031595574E+07, -4.214233525782824E+03,  1.577114388654760E+01, -2.508183412023078E+01, -6.082483354443724E-04,
2443257.500000000, A.D. 1977-Apr-24 00:00:00.0000, -1.247112712863977E+08, -8.418500060009131E+07, -4.275228217028081E+03,  1.619349519561447E+01, -2.479940106265301E+01, -8.075943870800018E-04,
2443258.500000000, A.D. 1977-Apr-25 00:00:00.0000, -1.232941081828932E+08, -8.631521586107606E+07, -4.354352026686072E+03,  1.661026614334871E+01, -2.450999053121778E+01, -1.026568804684658E-03,
2443259.500000000, A.D. 1977-Apr-26 00:00:00.0000, -1.218411813572666E+08, -8.842013164476974E+07, -4.452940228682011E+03,  1.702134107081112E+01, -2.421379841576254E+01, -1.256645587481842E-03,
2443260.500000000, A.D. 1977-Apr-27 00:00:00.0000, -1.203529873803837E+08, -9.049917083054015E+07, -4.571540684293956E+03,  1.742662037163886E+01, -2.391103040321834E+01, -1.488069551953686E-03,
2443261.500000000, A.D. 1977-Apr-28 00:00:00.0000, -1.188300305431228E+08, -9.255177454517341E+07, -4.709793575175107E+03,  1.782602616342883E+01, -2.360190323476722E+01, -1.709535752524971E-03,
2443262.500000000, A.D. 1977-Apr-29 00:00:00.0000, -1.172728206210774E+08, -9.457740307317857E+07, -4.866287643104792E+03,  1.821951104636963E+01, -2.328664295636820E+01, -1.908003359433863E-03,
2443263.500000000, A.D. 1977-Apr-30 00:00:00.0000, -1.156818697878556E+08, -9.657553639082016E+07, -5.038415631592274E+03,  1.860706868216101E+01, -2.296547749628416E+01, -2.068916238611607E-03,
2443264.500000000, A.D. 1977-May-01 00:00:00.0000, -1.140576886515910E+08, -9.854567372373402E+07, -5.222278332553804E+03,  1.898874271143044E+01, -2.263862120374035E+01, -2.177161602677558E-03,
2443265.500000000, A.D. 1977-May-02 00:00:00.0000, -1.124007818003753E+08, -1.004873314043052E+08, -5.412712689615786E+03,  1.936462805485518E+01, -2.230625127263128E+01, -2.218999947791289E-03,
2443266.500000000, A.D. 1977-May-03 00:00:00.0000, -1.107116438100873E+08, -1.024000384916670E+08, -5.603525352507830E+03,  1.973485794817526E+01, -2.196848082565785E+01, -2.184818366266938E-03,
2443267.500000000, A.D. 1977-May-04 00:00:00.0000, -1.089907571156590E+08, -1.042833302808279E+08, -5.787974364310503E+03,  2.009957393513815E+01, -2.162533903588801E+01, -2.071941002377287E-03,
2443268.500000000, A.D. 1977-May-05 00:00:00.0000, -1.072385930296697E+08, -1.061367408381116E+08, -5.959452264688909E+03,  2.045888488452908E+01, -2.127677014398420E+01, -1.886268931783341E-03,
2443269.500000000, A.D. 1977-May-06 00:00:00.0000, -1.054556162642789E+08, -1.079597964913611E+08, -6.112222028769553E+03,  2.081282970062043E+01, -2.092265639120593E+01, -1.641768359399443E-03,
2443270.500000000, A.D. 1977-May-07 00:00:00.0000, -1.036422919491651E+08, -1.097520121121845E+08, -6.242012946821749E+03,  2.116135876886675E+01, -2.056285751429319E+01, -1.357851700817037E-03,
2443271.500000000, A.D. 1977-May-08 00:00:00.0000, -1.017990932042266E+08, -1.115128909658987E+08, -6.346337170712650E+03,  2.150433944900190E+01, -2.019725105691505E+01, -1.055772448612657E-03,
2443272.500000000, A.D. 1977-May-09 00:00:00.0000, -9.992650741130154E+07, -1.132419275595719E+08, -6.424503997489810E+03,  2.184157882757235E+01, -1.982575986716836E+01, -7.554386148269643E-04,
2443273.500000000, A.D. 1977-May-10 00:00:00.0000, -9.802504021646821E+07, -1.149386121191822E+08, -6.477410021796823E+03,  2.217285148446846E+01, -1.944836240919523E+01, -4.734797205019348E-04,
2443274.500000000, A.D. 1977-May-11 00:00:00.0000, -9.609521728385426E+07, -1.166024353376423E+08, -6.507220166295767E+03,  2.249792265044373E+01, -1.906508978832341E+01, -2.226071406763452E-04,
2443275.500000000, A.D. 1977-May-12 00:00:00.0000, -9.413758440237004E+07, -1.182328925393275E+08, -6.517034428752959E+03,  2.281656301291433E+01, -1.867601633612818E+01, -1.183552621153439E-05,
2443276.500000000, A.D. 1977-May-13 00:00:00.0000, -9.215270665520681E+07, -1.198294869620723E+08, -6.510592672981322E+03,  2.312855596997013E+01, -1.828124930163726E+01,  1.529311280163981E-04,
2443277.500000000, A.D. 1977-May-14 00:00:00.0000, -9.014116719487606E+07, -1.213917322226221E+08, -6.492032752923667E+03,  2.343369998390785E+01, -1.788092052821021E+01,  2.682918092018483E-04,
2443278.500000000, A.D. 1977-May-15 00:00:00.0000, -8.810356593050699E+07, -1.229191541797453E+08, -6.465695803724229E+03,  2.373180863258382E+01, -1.747518082316273E+01,  3.328777182236564E-04,
2443279.500000000, A.D. 1977-May-16 00:00:00.0000, -8.604051824295479E+07, -1.244112924120296E+08, -6.435965003140271E+03,  2.402271013075353E+01, -1.706419653525919E+01,  3.470453140916874E-04,
2443280.500000000, A.D. 1977-May-17 00:00:00.0000, -8.395265372985560E+07, -1.258677014635259E+08, -6.407125137284398E+03,  2.430624719567655E+01, -1.664814745064857E+01,  3.126919543365858E-04,
2443281.500000000, A.D. 1977-May-18 00:00:00.0000, -8.184061493887554E+07, -1.272879519341209E+08, -6.383235020458698E+03,  2.458227744298379E+01, -1.622722518691189E+01,  2.331325854676436E-04,
2443282.500000000, A.D. 1977-May-19 00:00:00.0000, -7.970505605101599E+07, -1.286716314326890E+08, -6.368009871505201E+03,  2.485067409105512E+01, -1.580163156700419E+01,  1.129858347095336E-04,
2443283.500000000, A.D. 1977-May-20 00:00:00.0000, -7.754664150258353E+07, -1.300183453822560E+08, -6.364714160062373E+03,  2.511132661938108E+01, -1.537157682437149E+01, -4.195617623103942E-05,
2443284.500000000, A.D. 1977-May-21 00:00:00.0000, -7.536604456222850E+07, -1.313277176678594E+08, -6.376066353544593E+03,  2.536414112587623E+01, -1.493727780295114E+01, -2.248701666500708E-04,
2443285.500000000, A.D. 1977-May-22 00:00:00.0000, -7.316394589116287E+07, -1.325993911402463E+08, -6.404155559845269E+03,  2.560904038533127E+01, -1.449895647762674E+01, -4.280289445937058E-04,
2443286.500000000, A.D. 1977-May-23 00:00:00.0000, -7.094103210096425E+07, -1.338330280165679E+08, -6.450367216683924E+03,  2.584596392453804E+01, -1.405683908342955E+01, -6.428778772438193E-04,
2443287.500000000, A.D. 1977-May-24 00:00:00.0000, -6.869799428390966E+07, -1.350283102351757E+08, -6.515312195710838E+03,  2.607486869641509E+01, -1.361115590215190E+01, -8.600351104810500E-04,
2443288.500000000, A.D. 1977-May-25 00:00:00.0000, -6.643552643355203E+07, -1.361849398089963E+08, -6.598752639114857E+03,  2.629573106577743E+01, -1.316214133891513E+01, -1.069219997593684E-03,
2443289.500000000, A.D. 1977-May-26 00:00:00.0000, -6.415432361388318E+07, -1.373026391670354E+08, -6.699520242474973E+03,  2.650855072095994E+01, -1.271003336485938E+01, -1.259164089293385E-03,
2443290.500000000, A.D. 1977-May-27 00:00:00.0000, -6.185507969907654E+07, -1.383811513666377E+08, -6.815430250562727E+03,  2.671335666293676E+01, -1.225507077294193E+01, -1.417628031343376E-03,
2443291.500000000, A.D. 1977-May-28 00:00:00.0000, -5.953848453205337E+07, -1.394202399009908E+08, -6.943208495631814E+03,  2.691021440280196E+01, -1.179748618916897E+01, -1.531726307651304E-03,
2443292.500000000, A.D. 1977-May-29 00:00:00.0000, -5.720522049429556E+07, -1.404196876462029E+08, -7.078468928366899E+03,  2.709923178881119E+01, -1.133749288996975E+01, -1.588814050271559E-03,
2443293.500000000, A.D. 1977-May-30 00:00:00.0000, -5.485595879230037E+07, -1.413792943772418E+08, -7.215799854278564E+03,  2.728055881007117E+01, -1.087526503040316E+01, -1.578135370823741E-03,
2443294.500000000, A.D. 1977-May-31 00:00:00.0000, -5.249135622980161E+07, -1.422988723919558E+08, -7.349024563260376E+03,  2.745437564095716E+01, -1.041091458840617E+01, -1.493164090693888E-03,
2443295.500000000, A.D. 1977-Jun-01 00:00:00.0000, -5.011205366475707E+07, -1.431782402858864E+08, -7.471675611831248E+03,  2.762086547413590E+01, -9.944473393618953E+00, -1.334065309913868E-03,
2443296.500000000, A.D. 1977-Jun-02 00:00:00.0000, -4.771867737312994E+07, -1.440172158009300E+08, -7.577649702146649E+03,  2.778017580307707E+01, -9.475891448559407E+00, -1.109215441021938E-03,
2443297.500000000, A.D. 1977-Jun-03 00:00:00.0000, -4.531184382530858E+07, -1.448156095205969E+08, -7.661913835376501E+03,  2.793238083702709E+01, -9.005058569377040E+00, -8.347422109666880E-04,
2443298.500000000, A.D. 1977-Jun-04 00:00:00.0000, -4.289216707096474E+07, -1.455732213299766E+08, -7.721074378237128E+03,  2.807746108376702E+01, -8.531844902054230E+00, -5.318790534039053E-04,
2443299.500000000, A.D. 1977-Jun-05 00:00:00.0000, -4.046026679018360E+07, -1.462898406586094E+08, -7.753654667906463E+03,  2.821530866794093E+01, -8.056144939188318E+00, -2.231045304315060E-04,
2443300.500000000, A.D. 1977-Jun-06 00:00:00.0000, -3.801677490607788E+07, -1.469652500626458E+08, -7.760042465642095E+03,  2.834575347695408E+01, -7.577908616875241E+00,  7.139199180761224E-05,
2443301.500000000, A.D. 1977-Jun-07 00:00:00.0000, -3.556233952141692E+07, -1.475992306296530E+08, -7.742188918247819E+03,  2.846859649597262E+01, -7.097152188661616E+00,  3.358213214545991E-04,
2443302.500000000, A.D. 1977-Jun-08 00:00:00.0000, -3.309762613760144E+07, -1.481915675451200E+08, -7.703195662826300E+03,  2.858363780238452E+01, -6.613952310542979E+00,  5.593169972466505E-04,
2443303.500000000, A.D. 1977-Jun-09 00:00:00.0000, -3.062331691443149E+07, -1.487420547262755E+08, -7.646908399336040E+03,  2.869069360508193E+01, -6.128431839388811E+00,  7.353739793440894E-04,
2443304.500000000, A.D. 1977-Jun-10 00:00:00.0000, -2.814010892074675E+07, -1.492504981536817E+08, -7.577581925235689E+03,  2.878960303003133E+01, -5.640744875278163E+00,  8.608542892694082E-04,
2443305.500000000, A.D. 1977-Jun-11 00:00:00.0000, -2.564871211600249E+07, -1.497167180367980E+08, -7.499632064722478E+03,  2.888022822457922E+01, -5.151065114041218E+00,  9.350257757574365E-04,
2443306.500000000, A.D. 1977-Jun-12 00:00:00.0000, -2.314984747664811E+07, -1.501405501611973E+08, -7.417460638239980E+03,  2.896245143344077E+01, -4.659578542545098E+00,  9.588509642761700E-04,
2443307.500000000, A.D. 1977-Jun-13 00:00:00.0000, -2.064424540908176E+07, -1.505218467722062E+08, -7.335329262927175E+03,  2.903617161212958E+01, -4.166479830663809E+00,  9.345643267915094E-04,
2443308.500000000, A.D. 1977-Jun-14 00:00:00.0000, -1.813264442146275E+07, -1.508604772625724E+08, -7.257258945301175E+03,  2.910130196982947E+01, -3.671971185759544E+00,  8.654852262026669E-04,
2443309.500000000, A.D. 1977-Jun-15 00:00:00.0000, -1.561578994674351E+07, -1.511563288223248E+08, -7.186938665017486E+03,  2.915776895632569E+01, -3.176262432694795E+00,  7.559821065805661E-04,
2443310.500000000, A.D. 1977-Jun-16 00:00:00.0000, -1.309443319122451E+07, -1.514093071114727E+08, -7.127633606530726E+03,  2.920551264228996E+01, -2.679571322120745E+00,  6.115033170952522E-04,
2443311.500000000, A.D. 1977-Jun-17 00:00:00.0000, -1.056932990292896E+07, -1.516193369438012E+08, -7.082090410165489E+03,  2.924448811526199E+01, -2.182123396429734E+00,  4.386056355152324E-04,
2443312.500000000, A.D. 1977-Jun-18 00:00:00.0000, -8.041238993876440E+06, -1.517863629272222E+08, -7.052441758073866E+03,  2.927466737838502E+01, -1.684151093629980E+00,  2.449360761752617E-04,
2443313.500000000, A.D. 1977-Jun-19 00:00:00.0000, -5.510920994060126E+06, -1.519103499928982E+08, -7.040115228496492E+03,  2.929604128148706E+01, -1.185892091972127E+00,  3.915092280798449E-05,
2443314.500000000, A.D. 1977-Jun-20 00:00:00.0000, -2.979136347927407E+06, -1.519912837561497E+08, -7.045751597113907E+03,  2.930862121358921E+01, -6.875871184597504E-01, -1.692188410809536E-04,
2443315.500000000, A.D. 1977-Jun-21 00:00:00.0000, -4.466435752874623E+05, -1.520291706746562E+08, -7.069136282823980E+03,  2.931244057700534E+01, -1.894774830266719E-01, -3.699333897058260E-04,
2443316.500000000, A.D. 1977-Jun-22 00:00:00.0000,  2.085802695292790E+06, -1.520240379855314E+08, -7.109145835384727E+03,  2.930755632747648E+01,  3.081975902654087E-01, -5.522255639693052E-04,
2443317.500000000, A.D. 1977-Jun-23 00:00:00.0000,  4.617453842754534E+06, -1.519759333930948E+08, -7.163711137115955E+03,  2.929405095254548E+01,  8.052041604158567E-01, -7.050122673088466E-04,
2443318.500000000, A.D. 1977-Jun-24 00:00:00.0000,  7.147569566239064E+06, -1.518849244296770E+08, -7.229802231088281E+03,  2.927203501961090E+01,  1.301318117992090E+00, -8.171988835478095E-04,
2443319.500000000, A.D. 1977-Jun-25 00:00:00.0000,  9.675420426103337E+06, -1.517510973222364E+08, -7.303447521097958E+03,  2.924164973712944E+01,  1.796332291131755E+00, -8.781938710855641E-04,
2443320.500000000, A.D. 1977-Jun-26 00:00:00.0000,  1.220029055028032E+07, -1.515745550921975E+08, -7.379811818249524E+03,  2.920306782219245E+01,  2.290067224033495E+00, -8.787802838901015E-04,
2443321.500000000, A.D. 1977-Jun-27 00:00:00.0000,  1.472148023698805E+07, -1.513554145567279E+08, -7.453369195051491E+03,  2.915648963006456E+01,  2.782385677134345E+00, -8.124456710438821E-04,
2443322.500000000, A.D. 1977-Jun-28 00:00:00.0000,  1.723830788298120E+07, -1.510938019904962E+08, -7.518208736047149E+03,  2.910213082136059E+01,  3.273208464631840E+00, -6.770918537399861E-04,
2443323.500000000, A.D. 1977-Jun-29 00:00:00.0000,  1.975011038560935E+07, -1.507898475571281E+08, -7.568491221517324E+03,  2.904019926962350E+01,  3.762525865106130E+00, -4.767199167334812E-04,
2443324.500000000, A.D. 1977-Jun-30 00:00:00.0000,  2.225624114612931E+07, -1.504436792343107E+08, -7.599024434164166E+03,  2.897086356272154E+01,  4.250396595816927E+00, -2.223501978644293E-04,
2443325.500000000, A.D. 1977-Jul-01 00:00:00.0000,  2.475606528882589E+07, -1.500554175971490E+08, -7.605855974413455E+03,  2.889422203560686E+01,  4.736928502107916E+00,  6.859502717060373E-05,
2443326.500000000, A.D. 1977-Jul-02 00:00:00.0000,  2.724895268691234E+07, -1.496251730240245E+08, -7.586734552606940E+03,  2.881028502583221E+01,  5.222242979970543E+00,  3.746861686027003E-04,
2443327.500000000, A.D. 1977-Jul-03 00:00:00.0000,  2.973427037398890E+07, -1.491530462926927E+08, -7.541308522924781E+03,  2.871897907754614E+01,  5.706434542466789E+00,  6.739911771336260E-04,
2443328.500000000, A.D. 1977-Jul-04 00:00:00.0000,  3.221137624264913E+07, -1.486391323384928E+08, -7.471019354358315E+03,  2.862017127368877E+01,  6.189540271452049E+00,  9.474078500164573E-04,
2443329.500000000, A.D. 1977-Jul-05 00:00:00.0000,  3.467961533042415E+07, -1.480835258696556E+08, -7.378756527177989E+03,  2.851370253268967E+01,  6.671528018945851E+00,  1.180727898776990E-03,
2443330.500000000, A.D. 1977-Jul-06 00:00:00.0000,  3.713831889981122E+07, -1.474863272006328E+08, -7.268403318569064E+03,  2.839941719722562E+01,  7.152302235354338E+00,  1.365117425676132E-03,
2443331.500000000, A.D. 1977-Jul-07 00:00:00.0000,  3.958680562794696E+07, -1.468476470890636E+08, -7.144396437421441E+03,  2.827718168409361E+01,  7.631719706047094E+00,  1.496421058508002E-03,
2443332.500000000, A.D. 1977-Jul-08 00:00:00.0000,  4.202438389831342E+07, -1.461676100910653E+08, -7.011372394420207E+03,  2.814689170134185E+01,  8.109606943613532E+00,  1.573958564972777E-03,
2443333.500000000, A.D. 1977-Jul-09 00:00:00.0000,  4.445035433958559E+07, -1.454463565407153E+08, -6.873919520989060E+03,  2.800847146185452E+01,  8.585774102699485E+00,  1.599350381907616E-03,
2443334.500000000, A.D. 1977-Jul-10 00:00:00.0000,  4.686401210232875E+07, -1.446840435479197E+08, -6.736419486917555E+03,  2.786186903553211E+01,  9.060023733692152E+00,  1.575645260564862E-03,
2443335.500000000, A.D. 1977-Jul-11 00:00:00.0000,  4.926464868567140E+07, -1.438808454501349E+08, -6.602948389768600E+03,  2.770705099162908E+01,  9.532154854997243E+00,  1.506811632796090E-03,
2443336.500000000, A.D. 1977-Jul-12 00:00:00.0000,  5.165155334090130E+07, -1.430369540672970E+08, -6.477207734726369E+03,  2.754399817335103E+01,  1.000196368238062E+01,  1.397540588396584E-03,
2443337.500000000, A.D. 1977-Jul-13 00:00:00.0000,  5.402401419155253E+07, -1.421525789856251E+08, -6.362462305001915E+03,  2.737270343577507E+01,  1.046924246157415E+01,  1.253266584489765E-03,
2443338.500000000, A.D. 1977-Jul-14 00:00:00.0000,  5.638131925125142E+07, -1.412279479775558E+08, -6.261470466844738E+03,  2.719317153314295E+01,  1.093377767802996E+01,  1.080305415372518E-03,
2443339.500000000, A.D. 1977-Jul-15 00:00:00.0000,  5.872275751774808E+07, -1.402633075648047E+08, -6.176400925740600E+03,  2.700542093041966E+01,  1.139534868848465E+01,  8.860149011287177E-04,
2443340.500000000, A.D. 1977-Jul-16 00:00:00.0000,  6.104762028864979E+07, -1.392589236517531E+08, -6.108737666130066E+03,  2.680948701532335E+01,  1.185372757155242E+01,  6.788951403553511E-04,
2443341.500000000, A.D. 1977-Jul-17 00:00:00.0000,  6.335520278892621E+07, -1.382150820999570E+08, -6.059181253775954E+03,  2.660542596601372E+01,  1.230868069368159E+01,  4.685637490382533E-04,
2443342.500000000, A.D. 1977-Jul-18 00:00:00.0000,  6.564480613049387E+07, -1.371320890872573E+08, -6.027559108905494E+03,  2.639331843072040E+01,  1.275997211763623E+01,  2.655697119022804E-04,
2443343.500000000, A.D. 1977-Jul-19 00:00:00.0000,  6.791573955358227E+07, -1.360102711006192E+08, -6.012759022839367E+03,  2.617327226294904E+01,  1.320736860351458E+01,  8.104405033027007E-05,
2443344.500000000, A.D. 1977-Jul-20 00:00:00.0000,  7.016732284503534E+07, -1.348499744458973E+08, -6.012698961928487E+03,  2.594542383159696E+01,  1.365064569590280E+01, -7.378437325211706E-05,
2443345.500000000, A.D. 1977-Jul-21 00:00:00.0000,  7.239888880242155E+07, -1.336515642040295E+08, -6.024343069754541E+03,  2.570993777491660E+01,  1.408959437825447E+01, -1.881677405295434E-04,
2443346.500000000, A.D. 1977-Jul-22 00:00:00.0000,  7.460978561256106E+07, -1.324154225989409E+08, -6.043770721480250E+03,  2.546700528178678E+01,  1.452402801989522E+01, -2.524864064232801E-04,
2443347.500000000, A.D. 1977-Jul-23 00:00:00.0000,  7.679937901798961E+07, -1.311419467512612E+08, -6.066304498232901E+03,  2.521684086381233E+01,  1.495378967901533E+01, -2.589692040197988E-04,
2443348.500000000, A.D. 1977-Jul-24 00:00:00.0000,  7.896705412238808E+07, -1.298315457786338E+08, -6.086704577326775E+03,  2.495967707970433E+01,  1.537875993749948E+01, -2.025155485130270E-04,
2443349.500000000, A.D. 1977-Jul-25 00:00:00.0000,  8.111221661049259E+07, -1.284846372031718E+08, -6.099439075000584E+03,  2.469575601117539E+01,  1.579886497653188E+01, -8.162744932693755E-05,
2443350.500000000, A.D. 1977-Jul-26 00:00:00.0000,  8.323429303695802E+07, -1.271016426994042E+08, -6.099037055648863E+03,  2.442531601523983E+01,  1.621408337853940E+01,  1.006356695416599E-04,
2443351.500000000, A.D. 1977-Jul-27 00:00:00.0000,  8.533272973794159E+07, -1.256829834183471E+08, -6.080516620442271E+03,  2.414857314796066E+01,  1.662444848026347E+01,  3.359310477621946E-04,
2443352.500000000, A.D. 1977-Jul-28 00:00:00.0000,  8.740698996350661E+07, -1.242290754515690E+08, -6.039851458616555E+03,  2.386569915866798E+01,  1.703004209324731E+01,  6.105432467444771E-04,
2443353.500000000, A.D. 1977-Jul-29 00:00:00.0000,  8.945654914317164E+07, -1.227403263283042E+08, -5.974402503266931E+03,  2.357680145114637E+01,  1.743097665091093E+01,  9.063329294942690E-04,
2443354.500000000, A.D. 1977-Jul-30 00:00:00.0000,  9.148088877876669E+07, -1.212171335273253E+08, -5.883217358417809E+03,  2.328191261632116E+01,  1.782736712879223E+01,  1.202825209169589E-03,
2443355.500000000, A.D. 1977-Jul-31 00:00:00.0000,  9.347949007313596E+07, -1.196598856231882E+08, -5.767113399326801E+03,  2.298099534436529E+01,  1.821929969533803E+01,  1.480013384408174E-03,
2443356.500000000, A.D. 1977-Aug-01 00:00:00.0000,  9.545182866527656E+07, -1.180689659239609E+08, -5.628517557643354E+03,  2.267396246274327E+01,  1.860680700304061E+01,  1.721031959772468E-03,
2443357.500000000, A.D. 1977-Aug-02 00:00:00.0000,  9.739737151705731E+07, -1.164447576708837E+08, -5.471111651770771E+03,  2.236070514831684E+01,  1.898985748276802E+01,  1.913877868069846E-03,
2443358.500000000, A.D. 1977-Aug-03 00:00:00.0000,  9.931557624061330E+07, -1.147876495022462E+08, -5.299384818919003E+03,  2.204111968966484E+01,  1.936835949668762E+01,  2.051833181742069E-03,
2443359.500000000, A.D. 1977-Aug-04 00:00:00.0000,  1.012058924052879E+08, -1.130980400835539E+08, -5.118199101455510E+03,  2.171512579063296E+01,  1.974217535362489E+01,  2.132811900458442E-03,
2443360.500000000, A.D. 1977-Aug-05 00:00:00.0000,  1.030677639741480E+08, -1.113763413531865E+08, -4.932439070940018E+03,  2.138267450352645E+01,  2.011113824340251E+01,  2.158163309093020E-03,
2443361.500000000, A.D. 1977-Aug-06 00:00:00.0000,  1.049006320457108E+08, -1.096229803806273E+08, -4.746769327506423E+03,  2.104374791910243E+01,  2.047506677099144E+01,  2.131442158576746E-03,
2443362.500000000, A.D. 1977-Aug-07 00:00:00.0000,  1.067039373440753E+08, -1.078384001697810E+08, -4.565487735934556E+03,  2.069835426955243E+01,  2.083377466375342E+01,  2.057455014294440E-03,
2443363.500000000, A.D. 1977-Aug-08 00:00:00.0000,  1.084771222094088E+08, -1.060230598419572E+08, -4.392444825656712E+03,  2.034652172021570E+01,  2.118707553548735E+01,  1.941685971519114E-03,
2443364.500000000, A.D. 1977-Aug-09 00:00:00.0000,  1.102196320779757E+08, -1.041774345845408E+08, -4.230997140035033E+03,  1.998829303195629E+01,  2.153478376965966E+01,  1.790073847871554E-03,
2443365.500000000, A.D. 1977-Aug-10 00:00:00.0000,  1.119309165836802E+08, -1.023020156407305E+08, -4.083967636674643E+03,  1.962372226606924E+01,  2.187671292066389E+01,  1.609055419288907E-03,
2443366.500000000, A.D. 1977-Aug-11 00:00:00.0000,  1.136104304825834E+08, -1.003973104952916E+08, -3.953594511382282E+03,  1.925287402214496E+01,  2.221267299223258E+01,  1.405772756958967E-03,
2443367.500000000, A.D. 1977-Aug-12 00:00:00.0000,  1.152576346242551E+08, -9.846384329849978E+07, -3.841458818368614E+03,  1.887582526320003E+01,  2.254246784765157E+01,  1.188338771479280E-03,
2443368.500000000, A.D. 1977-Aug-13 00:00:00.0000,  1.168719971826866E+08, -9.650215546538578E+07, -3.748390581868589E+03,  1.849266941341883E+01,  2.286589393212881E+01,  9.660507967410581E-04,
2443369.500000000, A.D. 1977-Aug-14 00:00:00.0000,  1.184529953143373E+08, -9.451280628958534E+07, -3.674362754419446E+03,  1.810352198293379E+01,  2.318274137256751E+01,  7.494400282492819E-04,
2443370.500000000, A.D. 1977-Aug-15 00:00:00.0000,  1.200001173252989E+08, -9.249637333040920E+07, -3.618391664020717E+03,  1.770852648256717E+01,  2.349279821233383E+01,  5.500579016519680E-04,
2443371.500000000, A.D. 1977-Aug-16 00:00:00.0000,  1.215128653041750E+08, -9.045345229055625E+07, -3.578469536993653E+03,  1.730785900075550E+01,  2.379585792322530E+01,  3.799432437254779E-04,
2443372.500000000, A.D. 1977-Aug-17 00:00:00.0000,  1.229907580318575E+08, -8.838465612604927E+07, -3.551556509099901E+03,  1.690172978569827E+01,  2.409172946832930E+01,  2.507884605122968E-04,
2443373.500000000, A.D. 1977-Aug-18 00:00:00.0000,  1.244333338544947E+08, -8.629061323046255E+07, -3.533654198326170E+03,  1.649038069271129E+01,  2.438024835550431E+01,  1.729091900699586E-04,
2443374.500000000, A.D. 1977-Aug-19 00:00:00.0000,  1.258401531471321E+08, -8.417196469184905E+07, -3.519970953807235E+03,  1.607407832330982E+01,  2.466128672538527E+01,  1.541822504709245E-04,
2443375.500000000, A.D. 1977-Aug-20 00:00:00.0000,  1.272108000253473E+08, -8.202936078268716E+07, -3.505174051560462E+03,  1.565310368067725E+01,  2.493476079318357E+01,  1.991199902526830E-04,
2443376.500000000, A.D. 1977-Aug-21 00:00:00.0000,  1.285448830612052E+08, -7.986345695704521E+07, -3.483711533773690E+03,  1.522773970118584E+01,  2.520063473434745E+01,  3.081972096445895E-04,
2443377.500000000, A.D. 1977-Aug-22 00:00:00.0000,  1.298420348764958E+08, -7.767490967321840E+07, -3.450179346904159E+03,  1.479825790448037E+01,  2.545892085172685E+01,  4.774793476762795E-04,
2443378.500000000, A.D. 1977-Aug-23 00:00:00.0000,  1.311019105739720E+08, -7.546437235918227E+07, -3.399707038890570E+03,  1.436490494036379E+01,  2.570967610129426E+01,  6.985675808142133E-04,
2443379.500000000, A.D. 1977-Aug-24 00:00:00.0000,  1.323241850216188E+08, -7.323249184244601E+07, -3.328333337251097E+03,  1.392788960471663E+01,  2.595299473506674E+01,  9.588981234323057E-04,
2443380.500000000, A.D. 1977-Aug-25 00:00:00.0000,  1.335085490704406E+08, -7.097990560524429E+07, -3.233337721873075E+03,  1.348737139472064E+01,  2.618899644627972E+01,  1.242477622369620E-03,
2443381.500000000, A.D. 1977-Aug-26 00:00:00.0000,  1.346547049224513E+08, -6.870724027195221E+07, -3.113486550845206E+03,  1.304345272560039E+01,  2.641780974539641E+01,  1.531133218648506E-03,
2443382.500000000, A.D. 1977-Aug-27 00:00:00.0000,  1.357623610875060E+08, -6.641511170218343E+07, -2.969149481851608E+03,  1.259617767512633E+01,  2.663955179934781E+01,  1.806243793442519E-03,
2443383.500000000, A.D. 1977-Aug-28 00:00:00.0000,  1.368312275994648E+08, -6.410412686312966E+07, -2.802253379736096E+03,  1.214553945067905E+01,  2.685430814114248E+01,  2.050711874550970E-03,
2443384.500000000, A.D. 1977-Aug-29 00:00:00.0000,  1.378610122563758E+08, -6.177488728787534E+07, -2.616070477809757E+03,  1.169149630863182E+01,  2.706211706600666E+01,  2.250748768936717E-03,
2443385.500000000, A.D. 1977-Aug-30 00:00:00.0000,  1.388514184865544E+08, -5.942799352475233E+07, -2.414876861073077E+03,  1.123399246563094E+01,  2.726296277763082E+01,  2.397028040517668E-03,
2443386.500000000, A.D. 1977-Aug-31 00:00:00.0000,  1.398021450440620E+08, -5.706404974639352E+07, -2.203548372637480E+03,  1.077297860171829E+01,  2.745677843214292E+01,  2.484966010767309E-03,
2443387.500000000, A.D. 1977-Sep-01 00:00:00.0000,  1.407128872765628E+08, -5.468366774055181E+07, -1.987168444305658E+03,  1.030842712511233E+01,  2.764345679083411E+01,  2.514202252875464E-03,
2443388.500000000, A.D. 1977-Sep-02 00:00:00.0000,  1.415833393927082E+08, -5.228746980442833E+07, -1.770704519841820E+03,  9.840339920060211E+00,  2.782286418229786E+01,  2.487594807073279E-03,
2443389.500000000, A.D. 1977-Sep-03 00:00:00.0000,  1.424131970862311E+08, -4.987609044426984E+07, -1.558778485760093E+03,  9.368749140740965E+00,  2.799485360670396E+01,  2.410107612927703E-03,
2443390.500000000, A.D. 1977-Sep-04 00:00:00.0000,  1.432021600085686E+08, -4.745017708061445E+07, -1.355527008950710E+03,  8.893713364744443E+00,  2.815927437183137E+01,  2.287877885844836E-03,
2443391.500000000, A.D. 1977-Sep-05 00:00:00.0000,  1.439499338063904E+08, -4.501039010586976E+07, -1.164529072487727E+03,  8.415311788888911E+00,  2.831597743867901E+01,  2.127605157573598E-03,
2443392.500000000, A.D. 1977-Sep-06 00:00:00.0000,  1.446562316541091E+08, -4.255740265265483E+07, -9.887713929042220E+02,  7.933638642960958E+00,  2.846481691095330E+01,  1.936280993923845E-03,
2443393.500000000, A.D. 1977-Sep-07 00:00:00.0000,  1.453207753670695E+08, -4.009190036386930E+07, -8.306242186222225E+02,  7.448799249516199E+00,  2.860564870040031E+01,  1.721206675320275E-03,
2443394.500000000, A.D. 1977-Sep-08 00:00:00.0000,  1.459432962764164E+08, -3.761458135670730E+07, -6.918061430957168E+02,  6.960908543574507E+00,  2.873832757814081E+01,  1.490214234426190E-03,
2443395.500000000, A.D. 1977-Sep-09 00:00:00.0000,  1.465235360978316E+08, -3.512615646595730E+07, -5.733246000017971E+02,  6.470092448399124E+00,  2.886270387477532E+01,  1.251990281144089E-03,
2443396.500000000, A.D. 1977-Sep-10 00:00:00.0000,  1.470612480454510E+08, -3.262734973899144E+07, -4.753881433382630E+02,  5.976492147999799E+00,  2.897862119424917E+01,  1.016383420290978E-03,
2443397.500000000, A.D. 1977-Sep-11 00:00:00.0000,  1.475561984260289E+08, -3.011889903049754E+07, -3.972980003599077E+02,  5.480270799501893E+00,  2.908591665098010E+01,  7.945503007853461E-04,
2443398.500000000, A.D. 1977-Sep-12 00:00:00.0000,  1.480081688772719E+08, -2.760155641304451E+07, -3.373398586399853E+02,  4.981621444725888E+00,  2.918442512180435E+01,  5.987768637538693E-04,
2443399.500000000, A.D. 1977-Sep-13 00:00:00.0000,  1.484169592645440E+08, -2.507608800848881E+07, -2.927104743495584E+02,  4.480773884601438E+00,  2.927398847727023E+01,  4.418327477218043E-04,
2443400.500000000, A.D. 1977-Sep-14 00:00:00.0000,  1.487823910194851E+08, -2.254327281288080E+07, -2.595223950175568E+02,  3.977997506324856E+00,  2.935446943749109E+01,  3.358140343028282E-04,
2443401.500000000, A.D. 1977-Sep-15 00:00:00.0000,  1.491043104419869E+08, -2.000390020048822E+07, -2.329267251472920E+02,  3.473597225391750E+00,  2.942576773394700E+01,  2.906077825386433E-04,
2443402.500000000, A.D. 1977-Sep-16 00:00:00.0000,  1.493825913022450E+08, -1.745876607496611E+07, -2.073735324284062E+02,  2.967901357903514E+00,  2.948783449450165E+01,  3.123099052793066E-04,
2443403.500000000, A.D. 1977-Sep-17 00:00:00.0000,  1.496171360934463E+08, -1.490866801708131E+07, -1.769953658338636E+02,  2.461243025521193E+00,  2.954068043267925E+01,  4.020283659276203E-04,
2443404.500000000, A.D. 1977-Sep-18 00:00:00.0000,  1.498078755412460E+08, -1.235440009972869E+07, -1.360644158013165E+02,  1.953939216521225E+00,  2.958437514751972E+01,  5.554148876267817E-04,
2443405.500000000, A.D. 1977-Sep-19 00:00:00.0000,  1.499547663797587E+08, -9.796748146841118E+06, -7.945422417530790E+01,  1.446272338704234E+00,  2.961903785659163E+01,  7.630194796615086E-04,
2443406.500000000, A.D. 1977-Sep-20 00:00:00.0000,  1.500577877717693E+08, -7.236486065127579E+06, -3.040568828117102E+00,  9.384776446580045E-01,  2.964482243402968E+01,  1.011299574768643E-03,
2443407.500000000, A.D. 1977-Sep-21 00:00:00.0000,  1.501169369372512E+08, -4.674373581891598E+06,  9.600242900080048E+01,  4.307374361260655E-01,  2.966190039141071E+01,  1.283985007251687E-03,
2443408.500000000, A.D. 1977-Sep-22 00:00:00.0000,  1.501322245422243E+08, -2.111155438836546E+06,  2.190295539955841E+02, -7.681893904513036E-02,  2.967044452138522E+01,  1.563533104068426E-03,
2443409.500000000, A.D. 1977-Sep-23 00:00:00.0000,  1.501036702820170E+08,  4.524380794389967E+05,  3.658755259766185E+02, -5.841108145847499E-01,  2.967061446601713E+01,  1.832523412488740E-03,
2443410.500000000, A.D. 1977-Sep-24 00:00:00.0000,  1.500312989783941E+08,  3.015689467406355E+06,  5.349216296558734E+02, -1.091098696925101E+00,  2.966254457494346E+01,  2.074932649682282E-03,
2443411.500000000, A.D. 1977-Sep-25 00:00:00.0000,  1.499151374478796E+08,  5.577891381915161E+06,  7.232658291007392E+02, -1.597773975235439E+00,  2.964633441394318E+01,  2.277245292244601E-03,
2443412.500000000, A.D. 1977-Sep-26 00:00:00.0000,  1.497552123644289E+08,  8.138343347704409E+06,  9.269788583251648E+02, -2.104146310739321E+00,  2.962204273528003E+01,  2.429315093642970E-03,
2443413.500000000, A.D. 1977-Sep-27 00:00:00.0000,  1.495515492749644E+08,  1.069634812805588E+07,  1.141419779284857E+03, -2.610229818127518E+00,  2.958968589922330E+01,  2.524860818422070E-03,
2443414.500000000, A.D. 1977-Sep-28 00:00:00.0000,  1.493041727949663E+08,  1.325120817084416E+07,  1.361575157513842E+03, -3.116029926418714E+00,  2.954924118700360E+01,  2.561509105619919E-03,
2443415.500000000, A.D. 1977-Sep-29 00:00:00.0000,  1.490131078327318E+08,  1.580222253171650E+07,  1.582382242544554E+03, -3.621533031446963E+00,  2.950065431352164E+01,  2.540392624835519E-03,
2443416.500000000, A.D. 1977-Sep-30 00:00:00.0000,  1.486783815295510E+08,  1.834868456602285E+07,  1.799002262977883E+03, -4.126700428792797E+00,  2.944384934626409E+01,  2.465425535234544E-03,
2443417.500000000, A.D. 1977-Oct-01 00:00:00.0000,  1.483000255238679E+08,  2.088988049988999E+07,  2.007024072676897E+03, -4.631466823373149E+00,  2.937873876402188E+01,  2.342450421206621E-03,
2443418.500000000, A.D. 1977-Oct-02 00:00:00.0000,  1.478780781746293E+08,  2.342508880380581E+07,  2.202595708543435E+03, -5.135742543677537E+00,  2.930523171133901E+01,  2.178451652083524E-03,
2443419.500000000, A.D. 1977-Oct-03 00:00:00.0000,  1.474125864881903E+08,  2.595358015789612E+07,  2.382496110660955E+03, -5.639417905875373E+00,  2.922323933317452E+01,  1.980973606357850E-03,
2443420.500000000, A.D. 1977-Oct-04 00:00:00.0000,  1.469036076357961E+08,  2.847461774114476E+07,  2.544167916290462E+03, -6.142368065075327E+00,  2.913267696591488E+01,  1.757805580281158E-03,
2443421.500000000, A.D. 1977-Oct-05 00:00:00.0000,  1.463512100825121E+08,  3.098745758814453E+07,  2.685734602503479E+03, -6.644456956775337E+00,  2.903346362158674E+01,  1.516929680978052E-03,
2443422.500000000, A.D. 1977-Oct-06 00:00:00.0000,  1.457554744530048E+08,  3.349134881298156E+07,  2.806022896578535E+03, -7.145539306050568E+00,  2.892551958623074E+01,  1.266684317721811E-03,
2443423.500000000, A.D. 1977-Oct-07 00:00:00.0000,  1.451164943332348E+08,  3.598553358132558E+07,  2.904605967236683E+03, -7.645460010040042E+00,  2.880876318670419E+01,  1.016066784172764E-03,
2443424.500000000, A.D. 1977-Oct-08 00:00:00.0000,  1.444343772545321E+08,  3.846924681297405E+07,  2.981875081373379E+03, -8.144050495520425E+00,  2.868310802691551E+01,  7.750689306114111E-04,
2443425.500000000, A.D. 1977-Oct-09 00:00:00.0000,  1.437092461241113E+08,  4.094171572363393E+07,  3.039136571194977E+03, -8.641122084988938E+00,  2.854846233532901E+01,  5.548987458539045E-04,
2443426.500000000, A.D. 1977-Oct-10 00:00:00.0000,  1.429412413316684E+08,  4.340215947156619E+07,  3.078716121355072E+03, -9.136457217768889E+00,  2.840473238463370E+01,  3.678920492049542E-04,
2443427.500000000, A.D. 1977-Oct-11 00:00:00.0000,  1.421305236340824E+08,  4.584978934466200E+07,  3.104034074198455E+03, -9.629800719019695E+00,  2.825183183547647E+01,  2.268949153947375E-04,
2443428.500000000, A.D. 1977-Oct-12 00:00:00.0000,  1.412772776604300E+08,  4.828381004258958E+07,  3.119598408002406E+03, -1.012085492466558E+01,  2.808969767552060E+01,  1.439628023618411E-04,
2443429.500000000, A.D. 1977-Oct-13 00:00:00.0000,  1.403817155019062E+08,  5.070342256109947E+07,  3.130856947522610E+03, -1.060928334809049E+01,  2.791831073673659E+01,  1.284404523360649E-04,
2443430.500000000, A.D. 1977-Oct-14 00:00:00.0000,  1.394440794848820E+08,  5.310782885780499E+07,  3.143870546814054E+03, -1.109472619260733E+01,  2.773771521702280E+01,  1.848381035873814E-04,
2443431.500000000, A.D. 1977-Oct-15 00:00:00.0000,  1.384646431095866E+08,  5.549623788199356E+07,  3.164819360096008E+03, -1.157682663894783E+01,  2.754802943822891E+01,  3.112235147675335E-04,
2443432.500000000, A.D. 1977-Oct-16 00:00:00.0000,  1.374437094762675E+08,  5.786787192224491E+07,  3.199418811414391E+03, -1.205526120984567E+01,  2.734944184507111E+01,  4.988304688264833E-04,
2443433.500000000, A.D. 1977-Oct-17 00:00:00.0000,  1.363816072612852E+08,  6.022197194126070E+07,  3.252365576140583E+03, -1.252976453464673E+01,  2.714219214315927E+01,  7.331323862889150E-04,
2443434.500000000, A.D. 1977-Oct-18 00:00:00.0000,  1.352786850787812E+08,  6.255780085107028E+07,  3.326927710931748E+03, -1.300014119367402E+01,  2.692654392179049E+01,  9.959961054910593E-04,
2443435.500000000, A.D. 1977-Oct-19 00:00:00.0000,  1.341353054436299E+08,  6.487464437941571E+07,  3.424740230552852E+03, -1.346626344763225E+01,  2.670275768726631E+01,  1.268148936844682E-03,
2443436.500000000, A.D. 1977-Oct-20 00:00:00.0000,  1.329518393982581E+08,  6.717180987588960E+07,  3.545801365662366E+03, -1.392805913015551E+01,  2.647107085406647E+01,  1.531268615986292E-03,
2443437.500000000, A.D. 1977-Oct-21 00:00:00.0000,  1.317286623895058E+08,  6.944862377462758E+07,  3.688620053447783E+03, -1.438549577510772E+01,  2.623168660833385E+01,  1.769374553253655E-03,
2443438.500000000, A.D. 1977-Oct-22 00:00:00.0000,  1.304661515061491E+08,  7.170442842573497E+07,  3.850453807204962E+03, -1.483856553135335E+01,  2.598476998432740E+01,  1.969555182554927E-03,
2443439.500000000, A.D. 1977-Oct-23 00:00:00.0000,  1.291646839078307E+08,  7.393857879622304E+07,  4.027588000558317E+03, -1.528727279102697E+01,  2.573044830663945E+01,  2.122237311882103E-03,
2443440.500000000, A.D. 1977-Oct-24 00:00:00.0000,  1.278246362024141E+08,  7.615043931248417E+07,  4.215626155328006E+03, -1.573162450627361E+01,  2.546881374596233E+01,  2.221198802278224E-03,
2443441.500000000, A.D. 1977-Oct-25 00:00:00.0000,  1.264463845707031E+08,  7.833938097216146E+07,  4.409774714097381E+03, -1.617162244394208E+01,  2.519992691032119E+01,  2.263439354916130E-03,
2443442.500000000, A.D. 1977-Oct-26 00:00:00.0000,  1.250303054986350E+08,  8.050477880226201E+07,  4.605111854482442E+03, -1.660725681765259E+01,  2.492382127888592E+01,  2.248940759512763E-03,
2443443.500000000, A.D. 1977-Oct-27 00:00:00.0000,  1.235767770031783E+08,  8.264600974023974E+07,  4.796830593548715E+03, -1.703850126365546E+01,  2.464050856677578E+01,  2.180310003216945E-03,
2443444.500000000, A.D. 1977-Oct-28 00:00:00.0000,  1.220861802222224E+08,  8.476245101556614E+07,  4.980446005534381E+03, -1.746530951065898E+01,  2.434998489021042E+01,  2.062308706001659E-03,
2443445.500000000, A.D. 1977-Oct-29 00:00:00.0000,  1.205589012052409E+08,  8.685347908046651E+07,  5.151958157472312E+03, -1.788761410265259E+01,  2.405223719220708E+01,  1.901308502727517E-03,
2443446.500000000, A.D. 1977-Oct-30 00:00:00.0000,  1.189953327229118E+08,  8.891846907780182E+07,  5.307967341274023E+03, -1.830532720378948E+01,  2.374724910434845E+01,  1.704745296086330E-03,
2443447.500000000, A.D. 1977-Oct-31 00:00:00.0000,  1.173958759313107E+08,  9.095679476092626E+07,  5.445745133161545E+03, -1.871834305076114E+01,  2.343500542807183E+01,  1.480655782778229E-03,
2443448.500000000, A.D. 1977-Nov-01 00:00:00.0000,  1.157609417813183E+08,  9.296782872035775E+07,  5.563271497435868E+03, -1.912654124202721E+01,  2.311549469905001E+01,  1.237363731407370E-03,
2443449.500000000, A.D. 1977-Nov-02 00:00:00.0000,  1.140909521429546E+08,  9.495094274329250E+07,  5.659252633348107E+03, -1.952978988023023E+01,  2.278870971392008E+01,  9.833505542165000E-04,
2443450.500000000, A.D. 1977-Nov-03 00:00:00.0000,  1.123863406997183E+08,  9.690550813989341E+07,  5.733135621108115E+03, -1.992794760127127E+01,  2.245464631594676E+01,  7.273070501323531E-04,
2443451.500000000, A.D. 1977-Nov-04 00:00:00.0000,  1.106475537464078E+08,  9.883089591216923E+07,  5.785134080655873E+03, -2.032086365474823E+01,  2.211330110603348E+01,  4.783271000157185E-04,
2443452.500000000, A.D. 1977-Nov-05 00:00:00.0000,  1.088750510879355E+08,  1.007264767143440E+08,  5.816274098768830E+03, -2.070837540159033E+01,  2.176466911003278E+01,  2.461669845201797E-04,
2443453.500000000, A.D. 1977-Nov-06 00:00:00.0000,  1.070693072784963E+08,  1.025916206606834E+08,  5.828461190581322E+03, -2.109030292919044E+01,  2.140874286466431E+01,  4.144805125605444E-05,
2443454.500000000, A.D. 1977-Nov-07 00:00:00.0000,  1.052308134409310E+08,  1.044256971841069E+08,  5.824556051202118E+03, -2.146644115013965E+01,  2.104551486786706E+01, -1.243776902928317E-04,
2443455.500000000, A.D. 1977-Nov-08 00:00:00.0000,  1.033600798251504E+08,  1.062280753320325E+08,  5.808428794503212E+03, -2.183655100898669E+01,  2.067498560889469E+01, -2.395325062538589E-04,
2443456.500000000, A.D. 1977-Nov-09 00:00:00.0000,  1.014576390455255E+08,  1.079981250607873E+08,  5.784940831065178E+03, -2.220035332327265E+01,  2.029717879088292E+01, -2.931130132379778E-04,
2443457.500000000, A.D. 1977-Nov-10 00:00:00.0000,  9.952404954678397E+07,  1.097352201423880E+08,  5.759789796821773E+03, -2.255753064348005E+01,  1.991216299219332E+01, -2.770445785147402E-04,
2443458.500000000, A.D. 1977-Nov-11 00:00:00.0000,  9.755989836135954E+07,  1.114387430549580E+08,  5.739162983216345E+03, -2.290774249543906E+01,  1.952007464408066E+01, -1.884633045898809E-04,
2443459.500000000, A.D. 1977-Nov-12 00:00:00.0000,  9.556580190032350E+07,  1.131080915794567E+08,  5.729194457232952E+03, -2.325065527996838E+01,  1.912113272175220E+01, -3.170806716479291E-05,
2443460.500000000, A.D. 1977-Nov-13 00:00:00.0000,  9.354240373728694E+07,  1.147426859340009E+08,  5.735304787695408E+03, -2.358598014425492E+01,  1.871563518498335E+01,  1.811128299493703E-04,
2443461.500000000, A.D. 1977-Nov-14 00:00:00.0000,  9.149036925537300E+07,  1.163419746610897E+08,  5.761577933803201E+03, -2.391350521080599E+01,  1.830393405388355E+01,  4.315733573712066E-04,
2443462.500000000, A.D. 1977-Nov-15 00:00:00.0000,  8.941037824212521E+07,  1.179054376856541E+08,  5.810340355440974E+03, -2.423310928861786E+01,  1.788639697127235E+01,  6.980077678884200E-04,
2443463.500000000, A.D. 1977-Nov-16 00:00:00.0000,  8.730311727210200E+07,  1.194325859901590E+08,  5.882034283101559E+03, -2.454475347168849E+01,  1.746336982269028E+01,  9.590126229443996E-04,
2443464.500000000, A.D. 1977-Nov-17 00:00:00.0000,  8.516927354287107E+07,  1.209229585620380E+08,  5.975366259045899E+03, -2.484845769567471E+01,  1.703515230476641E+01,  1.196157293651190E-03,
2443465.500000000, A.D. 1977-Nov-18 00:00:00.0000,  8.300953097191514E+07,  1.223761179389499E+08,  6.087632765091956E+03, -2.514427368017038E+01,  1.660198969656665E+01,  1.395347484202780E-03,
2443466.500000000, A.D. 1977-Nov-19 00:00:00.0000,  8.082456845804916E+07,  1.237916456108342E+08,  6.215109403125942E+03, -2.543226285666247E+01,  1.616407673413270E+01,  1.547001653001701E-03,
2443467.500000000, A.D. 1977-Nov-20 00:00:00.0000,  7.861505970583580E+07,  1.251691380437531E+08,  6.353421821847558E+03, -2.571248234812434E+01,  1.572156709142469E+01,  1.645541525934213E-03,
2443468.500000000, A.D. 1977-Nov-21 00:00:00.0000,  7.638167394300443E+07,  1.265082035736019E+08,  6.497860575236380E+03, -2.598497793804579E+01,  1.527458340888973E+01,  1.688667872946858E-03,
2443469.500000000, A.D. 1977-Nov-22 00:00:00.0000,  7.412507703720398E+07,  1.278084600927605E+08,  6.643634905956686E+03, -2.624978140194064E+01,  1.482322541069609E+01,  1.676700121472585E-03,
2443470.500000000, A.D. 1977-Nov-23 00:00:00.0000,  7.184593274440292E+07,  1.290695333355832E+08,  6.786076092407107E+03, -2.650690979676694E+01,  1.436757569713529E+01,  1.612072862105407E-03,
2443471.500000000, A.D. 1977-Nov-24 00:00:00.0000,  6.954490399109206E+07,  1.302910555849076E+08,  6.920803570628166E+03, -2.675636522548237E+01,  1.390770384227078E+01,  1.498968846442850E-03,
2443472.500000000, A.D. 1977-Nov-25 00:00:00.0000,  6.722265417907722E+07,  1.314726646910306E+08,  7.043863008394837E+03, -2.699813452069873E+01,  1.344366966372466E+01,  1.343025677020826E-03,
2443473.500000000, A.D. 1977-Nov-26 00:00:00.0000,  6.487984851977862E+07,  1.326140033615888E+08,  7.151840086907148E+03, -2.723218892388569E+01,  1.297552629604345E+01,  1.151059493897932E-03,
2443474.500000000, A.D. 1977-Nov-27 00:00:00.0000,  6.251715538428731E+07,  1.337147187176689E+08,  7.241950076989830E+03, -2.745848410228145E+01,  1.250332327921642E+01,  9.307797066826495E-04,
2443475.500000000, A.D. 1977-Nov-28 00:00:00.0000,  6.013524762632496E+07,  1.347744621121186E+08,  7.312102604046464E+03, -2.767696078863507E+01,  1.202710948563720E+01,  6.905040322369160E-04,
2443476.500000000, A.D. 1977-Nov-29 00:00:00.0000,  5.773480382118004E+07,  1.357928891799171E+08,  7.360942981548607E+03, -2.788754606153319E+01,  1.154693549349318E+01,  4.389078704400973E-04,
2443477.500000000, A.D. 1977-Nov-30 00:00:00.0000,  5.531650937655288E+07,  1.367696600554428E+08,  7.387874844565988E+03, -2.809015495174161E+01,  1.106285502580145E+01,  1.848482101403093E-04,
2443478.500000000, A.D. 1977-Dec-01 00:00:00.0000,  5.288105751092081E+07,  1.377044396665624E+08,  7.393071853481233E+03, -2.828469178887980E+01,  1.057492528775998E+01, -6.271068202856611E-05,
2443479.500000000, A.D. 1977-Dec-02 00:00:00.0000,  5.042915015258950E+07,  1.385968980153331E+08,  7.377487481862307E+03, -2.847105056781214E+01,  1.008320638328431E+01, -2.946702725776795E-04,
2443480.500000000, A.D. 1977-Dec-03 00:00:00.0000,  4.796149887482323E+07,  1.394467103886520E+08,  7.342870286978781E+03, -2.864911364384631E+01,  9.587760415911543E+00, -5.017078238345185E-04,
2443481.500000000, A.D. 1977-Dec-04 00:00:00.0000,  4.547882603405657E+07,  1.402535575146593E+08,  7.291786813274026E+03, -2.881874829062752E+01,  9.088651353830192E+00, -6.742080114032767E-04,
2443482.500000000, A.D. 1977-Dec-05 00:00:00.0000,  4.298186629886799E+07,  1.410171257955073E+08,  7.227644702725112E+03, -2.897980116938172E+01,  8.585947233824637E+00, -8.023542088992919E-04,
2443483.500000000, A.D. 1977-Dec-06 00:00:00.0000,  4.047136871482870E+07,  1.417371079010338E+08,  7.154694327205420E+03, -2.913209174088701E+01,  8.079726646411890E+00, -8.765692598968755E-04,
2443484.500000000, A.D. 1977-Dec-07 00:00:00.0000,  3.794809929679978E+07,  1.424132041738004E+08,  7.077969734676182E+03, -2.927540724258645E+01,  7.570091250564138E+00, -8.885104548834732E-04,
2443485.500000000, A.D. 1977-Dec-08 00:00:00.0000,  3.541284383008906E+07,  1.430451253934081E+08,  7.003115010932088E+03, -2.940950377607365E+01,  7.057184525633456E+00, -8.327277121793486E-04,
2443486.500000000, A.D. 1977-Dec-09 00:00:00.0000,  3.286641011240510E+07,  1.436325973260128E+08,  6.936043786682189E+03, -2.953411903450251E+01,  6.541213373717768E+00, -7.088007806146379E-04,
2443487.500000000, A.D. 1977-Dec-10 00:00:00.0000,  3.030962845703614E+07,  1.441753669792786E+08,  6.882415402241051E+03, -2.964899991653219E+01,  6.022464222293016E+00, -5.232936081882578E-04,
2443488.500000000, A.D. 1977-Dec-11 00:00:00.0000,  2.774334927188472E+07,  1.446732096049677E+08,  6.846987554371357E+03, -2.975394115511225E+01,  5.501302440988015E+00, -2.904746855705298E-04,
2443489.500000000, A.D. 1977-Dec-12 00:00:00.0000,  2.516843726911610E+07,  1.451259346445203E+08,  6.832993783414364E+03, -2.984882191126849E+01,  4.978148127061733E+00, -3.093744189741621E-05,
2443490.500000000, A.D. 1977-Dec-13 00:00:00.0000,  2.258576320807881E+07,  1.455333886893505E+08,  6.841731916695833E+03, -2.993362384512330E+01,  4.453433188394920E+00,  2.317804521705380E-04,
2443491.500000000, A.D. 1977-Dec-14 00:00:00.0000,  1.999619523500162E+07,  1.458954544934394E+08,  6.872488737359643E+03, -3.000842213960055E+01,  3.927556097027110E+00,  4.753238866592735E-04,
2443492.500000000, A.D. 1977-Dec-15 00:00:00.0000,  1.740059200108993E+07,  1.462120466238471E+08,  6.922793687142432E+03, -3.007335537756570E+01,  3.400851563838363E+00,  6.817720946155070E-04,
2443493.500000000, A.D. 1977-Dec-16 00:00:00.0000,  1.479979876196077E+07,  1.464831054390467E+08,  6.988878536865115E+03, -3.012858932715681E+01,  2.873582244377586E+00,  8.390930651376305E-04,
2443494.500000000, A.D. 1977-Dec-17 00:00:00.0000,  1.219464636404191E+07,  1.467085911669441E+08,  7.066186683908105E+03, -3.017428794712254E+01,  2.345947898642423E+00,  9.409307964114433E-04,
2443495.500000000, A.D. 1977-Dec-18 00:00:00.0000,  9.585952201905038E+06,  1.468884791795224E+08,  7.149817924946547E+03, -3.021059696095375E+01,  1.818102299211609E+00,  9.854623368099613E-04,
2443496.500000000, A.D. 1977-Dec-19 00:00:00.0000,  6.974522092290925E+06,  1.470227567571898E+08,  7.234861729711294E+03, -3.023763844401624E+01,  1.290169791475738E+00,  9.740606067649149E-04,
2443497.500000000, A.D. 1977-Dec-20 00:00:00.0000,  4.361152295636205E+06,  1.471114211119967E+08,  7.316623382948339E+03, -3.025551205582227E+01,  7.622575445862877E-01,  9.101957694523377E-04,
2443498.500000000, A.D. 1977-Dec-21 00:00:00.0000,  1.746631295408881E+06,  1.471544782536105E+08,  7.390771131075919E+03, -3.026429884626762E+01,  2.344628998560428E-01,  7.987087645149327E-04,
2443499.500000000, A.D. 1977-Dec-22 00:00:00.0000, -8.682587629122458E+05,  1.471519423153499E+08,  7.453435429960489E+03, -3.026406502059976E+01, -2.931230790864190E-01,  6.454135191198418E-04,
2443500.500000000, A.D. 1977-Dec-23 00:00:00.0000, -3.482740908734547E+06,  1.471038350788467E+08,  7.501284110352397E+03, -3.025486445445298E+01, -8.204143041255737E-01,  4.569172745094718E-04,
2443501.500000000, A.D. 1977-Dec-24 00:00:00.0000, -6.096042335657851E+06,  1.470101855646007E+08,  7.531587273389101E+03, -3.023673972571001E+01, -1.347329243674756E+00,  2.405451725835395E-04,
2443502.500000000, A.D. 1977-Dec-25 00:00:00.0000, -8.707393426365716E+06,  1.468710296563134E+08,  7.542276871554554E+03, -3.020972198913223E+01, -1.873790441216250E+00,  4.280776149112597E-06,
2443503.500000000, A.D. 1977-Dec-26 00:00:00.0000, -1.131602673680392E+07,  1.466864097883921E+08,  7.531999820105731E+03, -3.017383025975728E+01, -2.399723492310625E+00, -2.433297433426240E-04,
2443504.500000000, A.D. 1977-Dec-27 00:00:00.0000, -1.392117591351962E+07,  1.464563747485756E+08,  7.500160588294268E+03, -3.012907066374588E+01, -2.925055423391317E+00, -4.933250243330800E-04,
2443505.500000000, A.D. 1977-Dec-28 00:00:00.0000, -1.652207455885664E+07,  1.461809796382620E+08,  7.446949280962348E+03, -3.007543601621719E+01, -3.449712720222879E+00, -7.365126004623690E-04,
2443506.500000000, A.D. 1977-Dec-29 00:00:00.0000, -1.911795507664696E+07,  1.458602860050428E+08,  7.373353331923485E+03, -3.001290577095590E+01, -3.973619372504229E+00, -9.636586489925048E-04,
2443507.500000000, A.D. 1977-Dec-30 00:00:00.0000, -2.170804752060426E+07,  1.454943621331668E+08,  7.281153613373637E+03, -2.994144606428409E+01, -4.496695196765656E+00, -1.165655743172955E-03,
2443508.500000000, A.D. 1977-Dec-31 00:00:00.0000, -2.429157843336652E+07,  1.450832834671200E+08,  7.172907278582454E+03, -2.986100936643178E+01, -5.018854389671095E+00, -1.333664397353607E-03,