2443144.500000000, A.D. 1977-Jan-01 00:00:00.0000, -9.239390896072524E+08,  1.005762310032684E+09,  1.913382747070354E+07, -7.646417801805516E+00, -6.556209658683437E+00,  4.179376678640687E-01,
2443145.500000000, A.D. 1977-Jan-02 00:00:00.0000, -9.245995789709362E+08,  1.005195650044816E+09,  1.916993896231323E+07, -7.642680548605190E+00, -6.560947481872477E+00,  4.179900611940544E-01,
2443146.500000000, A.D. 1977-Jan-03 00:00:00.0000, -9.252597407046469E+08,  1.004628574603511E+09,  1.920605774117804E+07, -7.638818452804342E+00, -6.565804719621134E+00,  4.180939960912888E-01,
2443147.500000000, A.D. 1977-Jan-04 00:00:00.0000, -9.259195656223816E+08,  1.004061076384297E+09,  1.924218683957189E+07, -7.634888201057372E+00, -6.570763290979484E+00,  4.182441522416460E-01,
2443148.500000000, A.D. 1977-Jan-05 00:00:00.0000, -9.265790397985742E+08,  1.003493141372107E+09,  1.927833226317340E+07, -7.630637283400731E+00, -6.575869327766060E+00,  4.184422487927852E-01,
2443149.500000000, A.D. 1977-Jan-06 00:00:00.0000, -9.272381336016395E+08,  1.002924772377811E+09,  1.931448982958287E+07, -7.626154169459722E+00, -6.580801215320021E+00,  4.185277940636252E-01,
2443150.500000000, A.D. 1977-Jan-07 00:00:00.0000, -9.278968346137074E+08,  1.002355981651636E+09,  1.935065211376023E+07, -7.621532437569603E+00, -6.585614490374446E+00,  4.185415324091468E-01,
2443151.500000000, A.D. 1977-Jan-08 00:00:00.0000, -9.285551334259427E+08,  1.001786783023429E+09,  1.938681120666355E+07, -7.616858159330738E+00, -6.590253961656924E+00,  4.184607420416051E-01,
2443152.500000000, A.D. 1977-Jan-09 00:00:00.0000, -9.292130271047451E+08,  1.001217191240919E+09,  1.942295932590991E+07, -7.612174501042146E+00, -6.594703965152199E+00,  4.182835194362715E-01,
2443153.500000000, A.D. 1977-Jan-10 00:00:00.0000, -9.298705207985935E+08,  1.000647221723131E+09,  1.945908912450480E+07, -7.607594431176773E+00, -6.599028619524717E+00,  4.180525518778424E-01,
2443154.500000000, A.D. 1977-Jan-11 00:00:00.0000, -9.305276185221022E+08,  1.000076884739298E+09,  1.949519588908106E+07, -7.603039928849318E+00, -6.603158882576285E+00,  4.177261618423058E-01,
2443155.500000000, A.D. 1977-Jan-12 00:00:00.0000, -9.311843372982142E+08,  9.995061985117548E+08,  1.953127193086457E+07, -7.598827048150564E+00, -6.607189280269023E+00,  4.173820556052790E-01,
2443156.500000000, A.D. 1977-Jan-13 00:00:00.0000, -9.318406998657889E+08,  9.989351605098882E+08,  1.956732097376233E+07, -7.594776738880535E+00, -6.611292260431730E+00,  4.170937841461235E-01,
2443157.500000000, A.D. 1977-Jan-14 00:00:00.0000, -9.324967182634758E+08,  9.983637651013054E+08,  1.960334718862367E+07, -7.590850291674686E+00, -6.615468746413200E+00,  4.168565349631477E-01,
2443158.500000000, A.D. 1977-Jan-15 00:00:00.0000, -9.331524013882253E+08,  9.977920062049953E+08,  1.963935477206308E+07, -7.587030440933348E+00, -6.619703779561354E+00,  4.166618797411932E-01,
2443159.500000000, A.D. 1977-Jan-16 00:00:00.0000, -9.338077597632602E+08,  9.972198746321185E+08,  1.967534960337722E+07, -7.583285795275224E+00, -6.624108587952070E+00,  4.165642536322873E-01,
2443160.500000000, A.D. 1977-Jan-17 00:00:00.0000, -9.344627947124676E+08,  9.966473597854171E+08,  1.971133747689968E+07, -7.579595335872408E+00, -6.628579629436740E+00,  4.165069475734007E-01,
2443161.500000000, A.D. 1977-Jan-18 00:00:00.0000, -9.351175137157298E+08,  9.960744467492168E+08,  1.974732689181685E+07, -7.575895622685496E+00, -6.633341600823766E+00,  4.166014352439955E-01,
2443162.500000000, A.D. 1977-Jan-19 00:00:00.0000, -9.357719021548645E+08,  9.955011153098425E+08,  1.978332709126031E+07, -7.571954105369886E+00, -6.638223681984362E+00,  4.167355086532010E-01,
2443163.500000000, A.D. 1977-Jan-20 00:00:00.0000, -9.364259430117618E+08,  9.949273602160451E+08,  1.981933920835835E+07, -7.567843961034442E+00, -6.643147476371527E+00,  4.168769643622841E-01,
2443164.500000000, A.D. 1977-Jan-21 00:00:00.0000, -9.370796222411497E+08,  9.943531798385378E+08,  1.985536289930290E+07, -7.563598582450087E+00, -6.648080144368874E+00,  4.170106596455976E-01,
2443165.500000000, A.D. 1977-Jan-22 00:00:00.0000, -9.377329242037953E+08,  9.937785714413924E+08,  1.989139817377949E+07, -7.559087753214376E+00, -6.653005465802502E+00,  4.171172345659855E-01,
2443166.500000000, A.D. 1977-Jan-23 00:00:00.0000, -9.383858307253467E+08,  9.932035448680394E+08,  1.992743830240226E+07, -7.554472756335439E+00, -6.657787323369986E+00,  4.171398429726585E-01,
2443167.500000000, A.D. 1977-Jan-24 00:00:00.0000, -9.390383308875332E+08,  9.926281089991231E+08,  1.996347779145181E+07, -7.549664446327818E+00, -6.662436141841063E+00,  4.170781676332469E-01,
2443168.500000000, A.D. 1977-Jan-25 00:00:00.0000, -9.396904143404156E+08,  9.920522859467999E+08,  1.999950434964246E+07, -7.544898762120121E+00, -6.666765627324478E+00,  4.168557024237352E-01,
2443169.500000000, A.D. 1977-Jan-26 00:00:00.0000, -9.403420934749495E+08,  9.914760953400351E+08,  2.003550917493761E+07, -7.540295838372712E+00, -6.670953925653015E+00,  4.165789337402193E-01,
2443170.500000000, A.D. 1977-Jan-27 00:00:00.0000, -9.409933826982841E+08,  9.908995458001481E+08,  2.007148934604216E+07, -7.535849934081256E+00, -6.675101556231802E+00,  4.162972591885752E-01,
2443171.500000000, A.D. 1977-Jan-28 00:00:00.0000, -9.416442901649767E+08,  9.903226417407304E+08,  2.010744355024022E+07, -7.531496858121526E+00, -6.679135277086744E+00,  4.159679966788672E-01,
2443172.500000000, A.D. 1977-Jan-29 00:00:00.0000, -9.422948329774432E+08,  9.897453905888016E+08,  2.014336971054780E+07, -7.527389573418009E+00, -6.683180680329090E+00,  4.156699848986847E-01,
2443173.500000000, A.D. 1977-Jan-30 00:00:00.0000, -9.429450248382087E+08,  9.891677877270050E+08,  2.017927177011931E+07, -7.523384960947054E+00, -6.687244535603113E+00,  4.153936678151595E-01,
2443174.500000000, A.D. 1977-Jan-31 00:00:00.0000, -9.435948822611519E+08,  9.885898308972952E+08,  2.021515255509335E+07, -7.519626970175674E+00, -6.691435381526328E+00,  4.152079753925135E-01,
2443175.500000000, A.D. 1977-Feb-01 00:00:00.0000, -9.442444161071734E+08,  9.880115024400215E+08,  2.025102245975775E+07, -7.515880650160739E+00, -6.695827923751306E+00,  4.151297234777687E-01,
2443176.500000000, A.D. 1977-Feb-02 00:00:00.0000, -9.448936238895018E+08,  9.874327872342554E+08,  2.028688915500629E+07, -7.512058187557094E+00, -6.700367279959182E+00,  4.151216542021197E-01,
2443177.500000000, A.D. 1977-Feb-03 00:00:00.0000, -9.455425003094385E+08,  9.868536779045573E+08,  2.032275611916161E+07, -7.508242319532708E+00, -6.704967921281702E+00,  4.151470596558400E-01,
2443178.500000000, A.D. 1977-Feb-04 00:00:00.0000, -9.461910459276552E+08,  9.862741612005117E+08,  2.035863035062385E+07, -7.504333841742804E+00, -6.709802380493591E+00,  4.152867396606612E-01,
2443179.500000000, A.D. 1977-Feb-05 00:00:00.0000, -9.468392432447572E+08,  9.856942241218171E+08,  2.039451704886025E+07, -7.500223531218908E+00, -6.714677980779135E+00,  4.154284184768398E-01,
2443180.500000000, A.D. 1977-Feb-06 00:00:00.0000, -9.474870778368585E+08,  9.851138608698007E+08,  2.043041788398355E+07, -7.495883969350460E+00, -6.719653325809075E+00,  4.156021377453283E-01,
2443181.500000000, A.D. 1977-Feb-07 00:00:00.0000, -9.481345246287804E+08,  9.845330717214611E+08,  2.046633047802144E+07, -7.491277735936219E+00, -6.724512643883451E+00,  4.156907137160046E-01,
2443182.500000000, A.D. 1977-Feb-08 00:00:00.0000, -9.487815670215192E+08,  9.839518706254705E+08,  2.050224610767472E+07, -7.486547206448083E+00, -6.729179158793762E+00,  4.156699136239337E-01,
2443183.500000000, A.D. 1977-Feb-09 00:00:00.0000, -9.494282013917837E+08,  9.833702738199477E+08,  2.053815616970593E+07, -7.481843385926884E+00, -6.733705375213879E+00,  4.155797986494147E-01,
2443184.500000000, A.D. 1977-Feb-10 00:00:00.0000, -9.500744247546870E+08,  9.827882892963432E+08,  2.057405640369749E+07, -7.477017373219569E+00, -6.738098658611006E+00,  4.154120094265679E-01,
2443185.500000000, A.D. 1977-Feb-11 00:00:00.0000, -9.507202355706341E+08,  9.822059378753681E+08,  2.060993601327425E+07, -7.472340239067707E+00, -6.742245810255104E+00,  4.151318261917769E-01,
2443186.500000000, A.D. 1977-Feb-12 00:00:00.0000, -9.513656478521789E+08,  9.816232321270034E+08,  2.064579005069584E+07, -7.467786538219049E+00, -6.746285316489804E+00,  4.148111661122709E-01,
2443187.500000000, A.D. 1977-Feb-13 00:00:00.0000, -9.520106761293446E+08,  9.810401826415927E+08,  2.068161457535923E+07, -7.463470814654642E+00, -6.750231431155719E+00,  4.144657647043744E-01,
2443188.500000000, A.D. 1977-Feb-14 00:00:00.0000, -9.526553410837193E+08,  9.804567905107350E+08,  2.071741119258869E+07, -7.459362254888389E+00, -6.754225024162273E+00,  4.141675006753216E-01,
2443189.500000000, A.D. 1977-Feb-15 00:00:00.0000, -9.532996580320126E+08,  9.798730480566936E+08,  2.075318547614616E+07, -7.455373272350997E+00, -6.758359754340550E+00,  4.139552242444613E-01,
2443190.500000000, A.D. 1977-Feb-16 00:00:00.0000, -9.539436295667796E+08,  9.792889475339684E+08,  2.078894188873422E+07, -7.451421214408625E+00, -6.762479704143666E+00,  4.137406779253667E-01,
2443191.500000000, A.D. 1977-Feb-17 00:00:00.0000, -9.545872700597199E+08,  9.787044861121502E+08,  2.082468335721332E+07, -7.447668429813671E+00, -6.766766628690903E+00,  4.136334066143483E-01,
2443192.500000000, A.D. 1977-Feb-18 00:00:00.0000, -9.552305849544365E+08,  9.781196452032694E+08,  2.086042024099988E+07, -7.443876007172376E+00, -6.771238089074583E+00,  4.136193143333293E-01,
2443193.500000000, A.D. 1977-Feb-19 00:00:00.0000, -9.558735713410413E+08,  9.775344107673831E+08,  2.089615956795609E+07, -7.440040008903224E+00, -6.775894635259153E+00,  4.136981772672415E-01,
2443194.500000000, A.D. 1977-Feb-20 00:00:00.0000, -9.565162185534577E+08,  9.769487676544964E+08,  2.093190833558458E+07, -7.436031387936842E+00, -6.780677757626203E+00,  4.138271708617292E-01,
2443195.500000000, A.D. 1977-Feb-21 00:00:00.0000, -9.571585103686739E+08,  9.763627067559434E+08,  2.096766978061521E+07, -7.431785602016076E+00, -6.785533729292291E+00,  4.139730153375138E-01,
2443196.500000000, A.D. 1977-Feb-22 00:00:00.0000, -9.578004292563477E+08,  9.757762299873699E+08,  2.100344136493963E+07, -7.427441973294084E+00, -6.790330021842504E+00,  4.140788946011837E-01,
2443197.500000000, A.D. 1977-Feb-23 00:00:00.0000, -9.584419658657830E+08,  9.751893346476200E+08,  2.103922367717779E+07, -7.422876403493667E+00, -6.795202443484353E+00,  4.142054495681373E-01,
2443198.500000000, A.D. 1977-Feb-24 00:00:00.0000, -9.590830952838529E+08,  9.746020257530470E+08,  2.107501188060772E+07, -7.418075640552990E+00, -6.799870801408553E+00,  4.142039193382163E-01,
2443199.500000000, A.D. 1977-Feb-25 00:00:00.0000, -9.597238072408605E+08,  9.740143216446643E+08,  2.111079560208732E+07, -7.413206497005185E+00, -6.804345706362157E+00,  4.140987245026038E-01,
2443200.500000000, A.D. 1977-Feb-26 00:00:00.0000, -9.603641000086081E+08,  9.734262413774867E+08,  2.114656499939513E+07, -7.408400313433391E+00, -6.808601484142009E+00,  4.138870325986455E-01,
2443201.500000000, A.D. 1977-Feb-27 00:00:00.0000, -9.610039808803625E+08,  9.728378005219471E+08,  2.118231287067324E+07, -7.403692684770122E+00, -6.812679249959197E+00,  4.135953518473023E-01,
2443202.500000000, A.D. 1977-Feb-28 00:00:00.0000, -9.616434652872478E+08,  9.722490117380140E+08,  2.121803428533620E+07, -7.399211442732757E+00, -6.816702571319678E+00,  4.132982967544945E-01,
2443203.500000000, A.D. 1977-Mar-01 00:00:00.0000, -9.622825640512561E+08,  9.716598748982008E+08,  2.125373056669408E+07, -7.394754558226226E+00, -6.820686572280887E+00,  4.129862804784734E-01,
2443204.500000000, A.D. 1977-Mar-02 00:00:00.0000, -9.629212880346636E+08,  9.710704003780197E+08,  2.128939750288737E+07, -7.390573650380945E+00, -6.824577023788270E+00,  4.126531860062617E-01,
2443205.500000000, A.D. 1977-Mar-03 00:00:00.0000, -9.635596595550702E+08,  9.704805850258141E+08,  2.132503908562589E+07, -7.386577481006267E+00, -6.828572288434332E+00,  4.123948949568175E-01,
2443206.500000000, A.D. 1977-Mar-04 00:00:00.0000, -9.641976919264169E+08,  9.698904180283544E+08,  2.136066229791933E+07, -7.382692839623284E+00, -6.832728412818884E+00,  4.122315534177643E-01,
2443207.500000000, A.D. 1977-Mar-05 00:00:00.0000, -9.648353896287280E+08,  9.692998866063465E+08,  2.139627435910237E+07, -7.378841753575321E+00, -6.837002711084762E+00,  4.121344420454540E-01,
2443208.500000000, A.D. 1977-Mar-06 00:00:00.0000, -9.654727561006618E+08,  9.687089778190928E+08,  2.143188239273441E+07, -7.374981841698944E+00, -6.841477687931736E+00,  4.121421372030185E-01,
2443209.500000000, A.D. 1977-Mar-07 00:00:00.0000, -9.661097828582561E+08,  9.681176792030773E+08,  2.146749222836930E+07, -7.371027656306471E+00, -6.845994541757905E+00,  4.121634287989897E-01,
2443210.500000000, A.D. 1977-Mar-08 00:00:00.0000, -9.667464702961274E+08,  9.675259828709664E+08,  2.150310802579093E+07, -7.367066147244689E+00, -6.850723571336580E+00,  4.122956172712136E-01,
2443211.500000000, A.D. 1977-Mar-09 00:00:00.0000, -9.673828040285983E+08,  9.669338709119070E+08,  2.153873785879934E+07, -7.362835106938031E+00, -6.855580584802335E+00,  4.124689793372447E-01,
2443212.500000000, A.D. 1977-Mar-10 00:00:00.0000, -9.680187604737297E+08,  9.663413390584923E+08,  2.157438171820760E+07, -7.358334771595968E+00, -6.860418907653454E+00,  4.126085683160303E-01,
2443213.500000000, A.D. 1977-Mar-11 00:00:00.0000, -9.686543200256450E+08,  9.657483946942413E+08,  2.161003406074655E+07, -7.353680733605182E+00, -6.865130876199519E+00,  4.126687979311936E-01,
2443214.500000000, A.D. 1977-Mar-12 00:00:00.0000, -9.692894710934308E+08,  9.651550461695666E+08,  2.164568956434655E+07, -7.348851023685313E+00, -6.869745283823596E+00,  4.126642229870279E-01,
2443215.500000000, A.D. 1977-Mar-13 00:00:00.0000, -9.699242029174976E+08,  9.645613103094635E+08,  2.168133862365603E+07, -7.344033755135235E+00, -6.874128364376081E+00,  4.125413413701806E-01,
2443216.500000000, A.D. 1977-Mar-14 00:00:00.0000, -9.705585181384307E+08,  9.639671985424628E+08,  2.171697572194213E+07, -7.339171522650068E+00, -6.878422402210223E+00,  4.123713750561779E-01,
2443217.500000000, A.D. 1977-Mar-15 00:00:00.0000, -9.711924132576426E+08,  9.633727267520881E+08,  2.175259248015487E+07, -7.334362486193343E+00, -6.882458474218799E+00,  4.120736099111717E-01,
2443218.500000000, A.D. 1977-Mar-16 00:00:00.0000, -9.718259023508816E+08,  9.627779134677777E+08,  2.178818082217336E+07, -7.329777357250588E+00, -6.886347351665193E+00,  4.117243003329829E-01,
2443219.500000000, A.D. 1977-Mar-17 00:00:00.0000, -9.724590071006551E+08,  9.621827656267251E+08,  2.182373940527505E+07, -7.325451223171218E+00, -6.890248182492755E+00,  4.114071086749491E-01,
2443220.500000000, A.D. 1977-Mar-18 00:00:00.0000, -9.730917410886712E+08,  9.615872783086016E+08,  2.185927227008057E+07, -7.321203465211067E+00, -6.894165053961871E+00,  4.111082047667729E-01,
2443221.500000000, A.D. 1977-Mar-19 00:00:00.0000, -9.737241179602484E+08,  9.609914512720156E+08,  2.189478095414233E+07, -7.317165954199345E+00, -6.898160427911901E+00,  4.108713329909821E-01,
2443222.500000000, A.D. 1977-Mar-20 00:00:00.0000, -9.743561470909045E+08,  9.603952736485592E+08,  2.193027221229267E+07, -7.313150723171949E+00, -6.902245113593743E+00,  4.106853683945979E-01,
2443223.500000000, A.D. 1977-Mar-21 00:00:00.0000, -9.749878362140841E+08,  9.597987411438088E+08,  2.196574908419073E+07, -7.309306297861478E+00, -6.906422054746105E+00,  4.105643751269761E-01,
2443224.500000000, A.D. 1977-Mar-22 00:00:00.0000, -9.756191947586478E+08,  9.592018375195167E+08,  2.200122106705695E+07, -7.305472993783928E+00, -6.910826364455618E+00,  4.105640313585615E-01,
2443225.500000000, A.D. 1977-Mar-23 00:00:00.0000, -9.762502177571528E+08,  9.586045432105794E+08,  2.203669788505906E+07, -7.301489288291926E+00, -6.915451536865005E+00,  4.106649202465067E-01,
2443226.500000000, A.D. 1977-Mar-24 00:00:00.0000, -9.768808879017936E+08,  9.580068482166078E+08,  2.207218321062231E+07, -7.297354636004873E+00, -6.920091249453457E+00,  4.107597689886617E-01,
2443227.500000000, A.D. 1977-Mar-25 00:00:00.0000, -9.775111972080916E+08,  9.574087470164573E+08,  2.210767920386171E+07, -7.293087563187781E+00, -6.924864084080505E+00,  4.109128833627711E-01,
2443228.500000000, A.D. 1977-Mar-26 00:00:00.0000, -9.781411259937075E+08,  9.568102335715652E+08,  2.214318727181870E+07, -7.288583199465716E+00, -6.929597739636915E+00,  4.110232629350992E-01,
2443229.500000000, A.D. 1977-Mar-27 00:00:00.0000, -9.787706604792099E+08,  9.562113114337363E+08,  2.217870429181886E+07, -7.283919713515354E+00, -6.934335393817327E+00,  4.111226242640398E-01,
2443230.500000000, A.D. 1977-Mar-28 00:00:00.0000, -9.793997810621744E+08,  9.556119853952137E+08,  2.221422608618170E+07, -7.279031962112363E+00, -6.938922305992385E+00,  4.111232340631523E-01,
2443231.500000000, A.D. 1977-Mar-29 00:00:00.0000, -9.800284735348413E+08,  9.550122729390090E+08,  2.224974235201156E+07, -7.274037898813848E+00, -6.943251565018839E+00,  4.109828204704500E-01,
2443232.500000000, A.D. 1977-Mar-30 00:00:00.0000, -9.806567404647273E+08,  9.544121981201289E+08,  2.228524105031353E+07, -7.269212379246786E+00, -6.947358393648376E+00,  4.107443343483603E-01,
2443233.500000000, A.D. 1977-Mar-31 00:00:00.0000, -9.812845942621520E+08,  9.538117699718273E+08,  2.232071887225813E+07, -7.264433933107241E+00, -6.951408682942141E+00,  4.104843072597011E-01,
2443234.500000000, A.D. 1977-Apr-01 00:00:00.0000, -9.819120404122941E+08,  9.532110005501411E+08,  2.235617025113976E+07, -7.259829466023341E+00, -6.955288716538591E+00,  4.101533386569529E-01,
2443235.500000000, A.D. 1977-Apr-02 00:00:00.0000, -9.825390956769371E+08,  9.526098958996109E+08,  2.239159386217552E+07, -7.255361055261527E+00, -6.959153053574259E+00,  4.098308279958323E-01,
2443236.500000000, A.D. 1977-Apr-03 00:00:00.0000, -9.831657729034318E+08,  9.520084599473186E+08,  2.242698907279319E+07, -7.251092463335371E+00, -6.962979909870519E+00,  4.095089804752932E-01,
2443237.500000000, A.D. 1977-Apr-04 00:00:00.0000, -9.837920902864628E+08,  9.514066913578840E+08,  2.246235850014395E+07, -7.247033955388856E+00, -6.966867041138330E+00,  4.092410758533460E-01,
2443238.500000000, A.D. 1977-Apr-05 00:00:00.0000, -9.844180650257052E+08,  9.508045788541244E+08,  2.249770975321144E+07, -7.243116537269307E+00, -6.970973459684764E+00,  4.091015007855634E-01,
2443239.500000000, A.D. 1977-Apr-06 00:00:00.0000, -9.850436963758383E+08,  9.502021047190483E+08,  2.253305213790679E+07, -7.239101785425956E+00, -6.975177100382139E+00,  4.090049178546482E-01,
2443240.500000000, A.D. 1977-Apr-07 00:00:00.0000, -9.856689859637586E+08,  9.495992642921622E+08,  2.256838829093939E+07, -7.235188021199133E+00, -6.979506734259789E+00,  4.089846381192199E-01,
2443241.500000000, A.D. 1977-Apr-08 00:00:00.0000, -9.862939337287703E+08,  9.489960416727273E+08,  2.260372665572488E+07, -7.231182718000034E+00, -6.984000873637981E+00,  4.090425122479298E-01,
2443242.500000000, A.D. 1977-Apr-09 00:00:00.0000, -9.869185316539077E+08,  9.483924247284211E+08,  2.263907279196757E+07, -7.227073062691331E+00, -6.988643004186259E+00,  4.091680770831982E-01,
2443243.500000000, A.D. 1977-Apr-10 00:00:00.0000, -9.875427654423000E+08,  9.477884015179538E+08,  2.267443167504936E+07, -7.222749252439330E+00, -6.993385251524583E+00,  4.093261417262446E-01,
2443244.500000000, A.D. 1977-Apr-11 00:00:00.0000, -9.881666143802532E+08,  9.471839659745888E+08,  2.270980454150778E+07, -7.218128033542367E+00, -6.998159478289118E+00,  4.094743147977100E-01,
2443245.500000000, A.D. 1977-Apr-12 00:00:00.0000, -9.887900539177176E+08,  9.465791274350350E+08,  2.274518436651713E+07, -7.213354384741127E+00, -7.002710873919766E+00,  4.094929939334819E-01,
2443246.500000000, A.D. 1977-Apr-13 00:00:00.0000, -9.894130799750810E+08,  9.459738977254084E+08,  2.278056473104072E+07, -7.208508304875133E+00, -7.007221029766920E+00,  4.094861907439595E-01,
2443247.500000000, A.D. 1977-Apr-14 00:00:00.0000, -9.900356803134191E+08,  9.453682856181860E+08,  2.281594011282760E+07, -7.203536240856853E+00, -7.011536207535256E+00,  4.093669385316963E-01,
2443248.500000000, A.D. 1977-Apr-15 00:00:00.0000, -9.906578519764495E+08,  9.447623091891236E+08,  2.285130098444974E+07, -7.198584858364974E+00, -7.015660402417366E+00,  4.091538459300059E-01,
2443249.500000000, A.D. 1977-Apr-16 00:00:00.0000, -9.912795999000659E+08,  9.441559857896628E+08,  2.288663904871428E+07, -7.193761673804894E+00, -7.019586619800253E+00,  4.088517792572222E-01,
2443250.500000000, A.D. 1977-Apr-17 00:00:00.0000, -9.919009369703262E+08,  9.435493279462556E+08,  2.292194924124837E+07, -7.189079540249868E+00, -7.023381668344140E+00,  4.084983705180738E-01,
2443251.500000000, A.D. 1977-Apr-18 00:00:00.0000, -9.925218831585528E+08,  9.429423460103191E+08,  2.295722826808602E+07, -7.184715100480545E+00, -7.027155480555580E+00,  4.081653565979080E-01,
2443252.500000000, A.D. 1977-Apr-19 00:00:00.0000, -9.931424563564775E+08,  9.423350316011019E+08,  2.299248239698368E+07, -7.180403557259385E+00, -7.031042532849062E+00,  4.078993016570389E-01,
2443253.500000000, A.D. 1977-Apr-20 00:00:00.0000, -9.937626615850650E+08,  9.417273835906715E+08,  2.302771282253510E+07, -7.176241950737142E+00, -7.034899075173562E+00,  4.076324718009028E-01,
2443254.500000000, A.D. 1977-Apr-21 00:00:00.0000, -9.943825141148411E+08,  9.411193974036493E+08,  2.306292357930124E+07, -7.172219840966354E+00, -7.038869068786269E+00,  4.074407058740088E-01,
2443255.500000000, A.D. 1977-Apr-22 00:00:00.0000, -9.950020246290731E+08,  9.405110612674342E+08,  2.309812190638018E+07, -7.168293992518885E+00, -7.043026702449096E+00,  4.073563030097667E-01,
2443256.500000000, A.D. 1977-Apr-23 00:00:00.0000, -9.956211938638045E+08,  9.399023589831095E+08,  2.313331642929012E+07, -7.164334659780521E+00, -7.047329456791205E+00,  4.073454930267375E-01,
2443257.500000000, A.D. 1977-Apr-24 00:00:00.0000, -9.962400199152431E+08,  9.392932757796197E+08,  2.316851468626022E+07, -7.160300100546957E+00, -7.051859706147922E+00,  4.074467847178007E-01,
2443258.500000000, A.D. 1977-Apr-25 00:00:00.0000, -9.968584853055540E+08,  9.386837969979842E+08,  2.320372279062229E+07, -7.156013418537434E+00, -7.056428286942976E+00,  4.075450287966658E-01,
2443259.500000000, A.D. 1977-Apr-26 00:00:00.0000, -9.974765790111693E+08,  9.380739228890752E+08,  2.323893958949500E+07, -7.151677448682256E+00, -7.061057952285628E+00,  4.076716535511604E-01,
2443260.500000000, A.D. 1977-Apr-27 00:00:00.0000, -9.980942881674963E+08,  9.374636451779190E+08,  2.327416832253033E+07, -7.147109702798774E+00, -7.065742867830286E+00,  4.078057296856663E-01,
2443261.500000000, A.D. 1977-Apr-28 00:00:00.0000, -9.987115914949335E+08,  9.368529637207088E+08,  2.330940708145243E+07, -7.142271745661717E+00, -7.070370980280549E+00,  4.078862575619064E-01,
2443262.500000000, A.D. 1977-Apr-29 00:00:00.0000, -9.993284694096866E+08,  9.362418918265727E+08,  2.334464726595706E+07, -7.137306644541572E+00, -7.074780612158129E+00,  4.078424694040912E-01,
2443263.500000000, A.D. 1977-Apr-30 00:00:00.0000, -9.999449162376064E+08,  9.356304453788078E+08,  2.337988024281889E+07, -7.132271227950503E+00, -7.079031237763380E+00,  4.077126080736178E-01,
2443264.500000000, A.D. 1977-May-01 00:00:00.0000, -1.000560929199002E+09,  9.350186446792924E+08,  2.341509541650200E+07, -7.127341006368894E+00, -7.082997914690002E+00,  4.074462718970255E-01,
2443265.500000000, A.D. 1977-May-02 00:00:00.0000, -1.001176524282177E+09,  9.344065029610393E+08,  2.345028761097819E+07, -7.122543791821093E+00, -7.086933285765076E+00,  4.071799150930313E-01,
2443266.500000000, A.D. 1977-May-03 00:00:00.0000, -1.001791707271934E+09,  9.337940263796138E+08,  2.348545439721453E+07, -7.117826999165003E+00, -7.090744230144495E+00,  4.068577046588215E-01,
2443267.500000000, A.D. 1977-May-04 00:00:00.0000, -1.002406489910015E+09,  9.331812254063814E+08,  2.352059164423507E+07, -7.113294062272468E+00, -7.094447776359554E+00,  4.065006261834827E-01,
2443268.500000000, A.D. 1977-May-05 00:00:00.0000, -1.003020893154032E+09,  9.325681051558822E+08,  2.355569888682050E+07, -7.109043943694136E+00, -7.098181684105542E+00,  4.061874905904381E-01,
2443269.500000000, A.D. 1977-May-06 00:00:00.0000, -1.003634933526170E+09,  9.319546556886300E+08,  2.359078305131811E+07, -7.104870567113354E+00, -7.102032117875928E+00,  4.059447064520429E-01,
2443270.500000000, A.D. 1977-May-07 00:00:00.0000, -1.004248621211982E+09,  9.313408705159116E+08,  2.362584856543458E+07, -7.100875478243026E+00, -7.106007855786034E+00,  4.057846434669856E-01,
2443271.500000000, A.D. 1977-May-08 00:00:00.0000, -1.004861961866578E+09,  9.307267325847216E+08,  2.366090501202732E+07, -7.096816145570331E+00, -7.110156113392373E+00,  4.057104438848431E-01,
2443272.500000000, A.D. 1977-May-09 00:00:00.0000, -1.005474952081942E+09,  9.301122339101760E+08,  2.369595628366125E+07, -7.092783783857940E+00, -7.114376249490056E+00,  4.056767084396462E-01,
2443273.500000000, A.D. 1977-May-10 00:00:00.0000, -1.006087594163817E+09,  9.294973632975937E+08,  2.373100856726581E+07, -7.088738655469045E+00, -7.118769426595690E+00,  4.057332249619940E-01,
2443274.500000000, A.D. 1977-May-11 00:00:00.0000, -1.006699882232548E+09,  9.288821034216038E+08,  2.376607033794075E+07, -7.084533147795039E+00, -7.123392211408261E+00,  4.058944508371169E-01,
2443275.500000000, A.D. 1977-May-12 00:00:00.0000, -1.007311792602580E+09,  9.282664427127190E+08,  2.380114547141272E+07, -7.080043878725208E+00, -7.128002004502737E+00,  4.060226082563676E-01,
2443276.500000000, A.D. 1977-May-13 00:00:00.0000, -1.007923309499452E+09,  9.276503832928395E+08,  2.383623140964985E+07, -7.075388036658773E+00, -7.132633677204066E+00,  4.061481327685139E-01,
2443277.500000000, A.D. 1977-May-14 00:00:00.0000, -1.008534412539853E+09,  9.270339281972904E+08,  2.387132482527179E+07, -7.070500258296393E+00, -7.137122243281654E+00,  4.061781605311183E-01,
2443278.500000000, A.D. 1977-May-15 00:00:00.0000, -1.009145091692249E+09,  9.264170918455410E+08,  2.390641734089178E+07, -7.065569260024371E+00, -7.141486761938399E+00,  4.061418748319907E-01,
2443279.500000000, A.D. 1977-May-16 00:00:00.0000, -1.009755340106781E+09,  9.257998841041431E+08,  2.394150338972646E+07, -7.060548651553877E+00, -7.145702482649601E+00,  4.060210648529807E-01,
2443280.500000000, A.D. 1977-May-17 00:00:00.0000, -1.010365152177923E+09,  9.251823195867985E+08,  2.397657499847138E+07, -7.055468412386268E+00, -7.149712758593358E+00,  4.057909965813167E-01,
2443281.500000000, A.D. 1977-May-18 00:00:00.0000, -1.010974532614277E+09,  9.245644218194747E+08,  2.401162062242508E+07, -7.050614984635245E+00, -7.153464555030004E+00,  4.054497856628627E-01,
2443282.500000000, A.D. 1977-May-19 00:00:00.0000, -1.011583503274437E+09,  9.239462001519126E+08,  2.404663769691801E+07, -7.045937766915763E+00, -7.157212896934736E+00,  4.051271083994084E-01,
2443283.500000000, A.D. 1977-May-20 00:00:00.0000, -1.012192076052683E+09,  9.233276583836197E+08,  2.408162556245220E+07, -7.041447559351493E+00, -7.160886809835709E+00,  4.047841840483755E-01,
2443284.500000000, A.D. 1977-May-21 00:00:00.0000, -1.012800269055514E+09,  9.227087952788403E+08,  2.411658675763714E+07, -7.037102264826149E+00, -7.164649573601693E+00,  4.045045208707361E-01,
2443285.500000000, A.D. 1977-May-22 00:00:00.0000, -1.013408091407449E+09,  9.220896061112756E+08,  2.415152477313703E+07, -7.032879534741767E+00, -7.168449354573410E+00,  4.042566322103052E-01,
2443286.500000000, A.D. 1977-May-23 00:00:00.0000, -1.014015553528551E+09,  9.214700860625507E+08,  2.418644327421194E+07, -7.028782278316040E+00, -7.172303269093467E+00,  4.040512385515389E-01,
2443287.500000000, A.D. 1977-May-24 00:00:00.0000, -1.014622670222601E+09,  9.208502253420554E+08,  2.422134884926611E+07, -7.024845104481208E+00, -7.176384052566418E+00,  4.039795859885627E-01,
2443288.500000000, A.D. 1977-May-25 00:00:00.0000, -1.015229440666371E+09,  9.202300007654078E+08,  2.425625361262113E+07, -7.020742347573116E+00, -7.180667318466317E+00,  4.039989328863451E-01,
2443289.500000000, A.D. 1977-May-26 00:00:00.0000, -1.015835854865621E+09,  9.196094036683441E+08,  2.429116113641673E+07, -7.016607520664147E+00, -7.185046697825053E+00,  4.040657409531967E-01,
2443290.500000000, A.D. 1977-May-27 00:00:00.0000, -1.016441904330741E+09,  9.189884217573998E+08,  2.432607716699117E+07, -7.012293129448058E+00, -7.189540723288607E+00,  4.041765818999177E-01,
2443291.500000000, A.D. 1977-May-28 00:00:00.0000, -1.017047574886895E+09,  9.183670489819901E+08,  2.436100352821559E+07, -7.007822796191228E+00, -7.194097172191863E+00,  4.043057103824959E-01,
2443292.500000000, A.D. 1977-May-29 00:00:00.0000, -1.017652850757076E+09,  9.177452818949672E+08,  2.439594063921988E+07, -7.003163757666456E+00, -7.198660160384654E+00,  4.044212005743555E-01,
2443293.500000000, A.D. 1977-May-30 00:00:00.0000, -1.018257714634033E+09,  9.171231200995330E+08,  2.443088711740023E+07, -6.998247253154759E+00, -7.203217676551025E+00,  4.045112061522418E-01,
2443294.500000000, A.D. 1977-May-31 00:00:00.0000, -1.018862141696469E+09,  9.165005759141816E+08,  2.446583438859916E+07, -6.993139178958498E+00, -7.207471700429604E+00,  4.044263914505550E-01,
2443295.500000000, A.D. 1977-Jun-01 00:00:00.0000, -1.019466131840362E+09,  9.158776723008676E+08,  2.450077064270633E+07, -6.988104036094421E+00, -7.211572748665787E+00,  4.042722029241399E-01,
2443296.500000000, A.D. 1977-Jun-02 00:00:00.0000, -1.020069687017311E+09,  9.152544216117214E+08,  2.453568989079189E+07, -6.983097803615286E+00, -7.215498054187337E+00,  4.040306839155634E-01,
2443297.500000000, A.D. 1977-Jun-03 00:00:00.0000, -1.020672814461407E+09,  9.146308377328136E+08,  2.457058574752110E+07, -6.978201771455963E+00, -7.219292886210247E+00,  4.037349528629521E-01,
2443298.500000000, A.D. 1977-Jun-04 00:00:00.0000, -1.021275524967469E+09,  9.140069313191880E+08,  2.460545393384171E+07, -6.973467313424099E+00, -7.222976922161903E+00,  4.033985348023768E-01,
2443299.500000000, A.D. 1977-Jun-05 00:00:00.0000, -1.021877832421303E+09,  9.133827077658958E+08,  2.464029316910380E+07, -6.968855294230424E+00, -7.226612825248757E+00,  4.030521049411742E-01,
2443300.500000000, A.D. 1977-Jun-06 00:00:00.0000, -1.022479753696441E+09,  9.127581743458018E+08,  2.467510145131135E+07, -6.964565755263179E+00, -7.230215002537700E+00,  4.027196355265059E-01,
2443301.500000000, A.D. 1977-Jun-07 00:00:00.0000, -1.023081311376304E+09,  9.121333196765924E+08,  2.470988702134621E+07, -6.960377243706277E+00, -7.234031905479257E+00,  4.025112082411701E-01,
2443302.500000000, A.D. 1977-Jun-08 00:00:00.0000, -1.023682508002118E+09,  9.115081319081769E+08,  2.474465638203424E+07, -6.956230863174373E+00, -7.237923614132201E+00,  4.023458717129835E-01,
2443303.500000000, A.D. 1977-Jun-09 00:00:00.0000, -1.024283348961846E+09,  9.108826024780741E+08,  2.477941464524961E+07, -6.952128752422080E+00, -7.241939658122281E+00,  4.022518747611752E-01,
2443304.500000000, A.D. 1977-Jun-10 00:00:00.0000, -1.024883837686235E+09,  9.102567201276565E+08,  2.481416807983655E+07, -6.948062632592454E+00, -7.246122387960635E+00,  4.022484382971134E-01,
2443305.500000000, A.D. 1977-Jun-11 00:00:00.0000, -1.025483969830702E+09,  9.096304693423195E+08,  2.484892446023643E+07, -6.943885564948928E+00, -7.250435314952555E+00,  4.023032992747471E-01,
2443306.500000000, A.D. 1977-Jun-12 00:00:00.0000, -1.026083739300832E+09,  9.090038384045453E+08,  2.488368930763119E+07, -6.939616827986619E+00, -7.254954052468383E+00,  4.024569887815308E-01,
2443307.500000000, A.D. 1977-Jun-13 00:00:00.0000, -1.026683124430942E+09,  9.083768122133784E+08,  2.491846855228794E+07, -6.934992547421231E+00, -7.259516730713674E+00,  4.026008086494586E-01,
2443308.500000000, A.D. 1977-Jun-14 00:00:00.0000, -1.027282103322718E+09,  9.077493971434896E+08,  2.495325682346642E+07, -6.930237499453765E+00, -7.263982324366590E+00,  4.026829522915172E-01,
2443309.500000000, A.D. 1977-Jun-15 00:00:00.0000, -1.027880664351953E+09,  9.071215984515765E+08,  2.498805047150439E+07, -6.925325970303105E+00, -7.268376162288584E+00,  4.027142875877141E-01,
2443310.500000000, A.D. 1977-Jun-16 00:00:00.0000, -1.028478795341761E+09,  9.064934236231856E+08,  2.502284452363163E+07, -6.920257925420713E+00, -7.272676176768504E+00,  4.026838827453409E-01,
2443311.500000000, A.D. 1977-Jun-17 00:00:00.0000, -1.029076483931263E+09,  9.058648880574358E+08,  2.505762999417037E+07, -6.915141334881476E+00, -7.276726498441174E+00,  4.025204829016484E-01,
2443312.500000000, A.D. 1977-Jun-18 00:00:00.0000, -1.029673732634135E+09,  9.052360087344869E+08,  2.509239846335751E+07, -6.910050464420832E+00, -7.280633040018273E+00,  4.022882369243166E-01,
2443313.500000000, A.D. 1977-Jun-19 00:00:00.0000, -1.030270544119897E+09,  9.046068033493984E+08,  2.512714123735386E+07, -6.905093148911463E+00, -7.284269459469998E+00,  4.019295825686862E-01,
2443314.500000000, A.D. 1977-Jun-20 00:00:00.0000, -1.030866941167797E+09,  9.039772859386218E+08,  2.516185335532564E+07, -6.900409168420599E+00, -7.287898877276495E+00,  4.015967256070274E-01,
2443315.500000000, A.D. 1977-Jun-21 00:00:00.0000, -1.031462938769000E+09,  9.033474545480917E+08,  2.519653747002214E+07, -6.895854264639986E+00, -7.291538527491556E+00,  4.012823509861985E-01,
2443316.500000000, A.D. 1977-Jun-22 00:00:00.0000, -1.032058546827533E+09,  9.027173081325413E+08,  2.523119521960884E+07, -6.891397437314728E+00, -7.295170941762683E+00,  4.009764947851320E-01,
2443317.500000000, A.D. 1977-Jun-23 00:00:00.0000, -1.032653779479889E+09,  9.020868478974981E+08,  2.526582748994571E+07, -6.887173705022535E+00, -7.298846018862922E+00,  4.007159718217617E-01,
2443318.500000000, A.D. 1977-Jun-24 00:00:00.0000, -1.033248651308153E+09,  9.014560619688892E+08,  2.530044201348901E+07, -6.883007383057952E+00, -7.302687413157169E+00,  4.005498522264217E-01,
2443319.500000000, A.D. 1977-Jun-25 00:00:00.0000, -1.033843167957313E+09,  9.008249406501603E+08,  2.533504443450451E+07, -6.878972396881932E+00, -7.306657334472767E+00,  4.004630454805067E-01,
2443320.500000000, A.D. 1977-Jun-26 00:00:00.0000, -1.034437333133911E+09,  9.001934639414930E+08,  2.536964563827801E+07, -6.874821971046944E+00, -7.310875683224685E+00,  4.004964652644887E-01,
2443321.500000000, A.D. 1977-Jun-27 00:00:00.0000, -1.035031133702195E+09,  8.995616190798501E+08,  2.540425105843014E+07, -6.870542340552203E+00, -7.315176572175499E+00,  4.005607469131278E-01,
2443322.500000000, A.D. 1977-Jun-28 00:00:00.0000, -1.035624559979058E+09,  8.989293998982215E+08,  2.543886311280376E+07, -6.866166254559323E+00, -7.319540729352188E+00,  4.006503373178902E-01,
2443323.500000000, A.D. 1977-Jun-29 00:00:00.0000, -1.036217603954653E+09,  8.982967980342011E+08,  2.547348542771029E+07, -6.861651159431361E+00, -7.324053529154561E+00,  4.008046759055790E-01,
2443324.500000000, A.D. 1977-Jun-30 00:00:00.0000, -1.036810242566815E+09,  8.976638052231383E+08,  2.550812023745739E+07, -6.856809387964875E+00, -7.328524897125919E+00,  4.009072811276977E-01,
2443325.500000000, A.D. 1977-Jul-01 00:00:00.0000, -1.037402457639330E+09,  8.970304305086548E+08,  2.554276115838635E+07, -6.851825743495584E+00, -7.332919109448881E+00,  4.009581977111596E-01,
2443326.500000000, A.D. 1977-Jul-02 00:00:00.0000, -1.037994232000210E+09,  8.963966836260146E+08,  2.557740172934425E+07, -6.846647074333126E+00, -7.337097884179814E+00,  4.008802927918587E-01,
2443327.500000000, A.D. 1977-Jul-03 00:00:00.0000, -1.038585560482280E+09,  8.957625865697546E+08,  2.561203014564961E+07, -6.841525022816679E+00, -7.341050490122495E+00,  4.006928091721620E-01,
2443328.500000000, A.D. 1977-Jul-04 00:00:00.0000, -1.039176449944901E+09,  8.951281541332002E+08,  2.564663961749154E+07, -6.836492671521439E+00, -7.344867064295042E+00,  4.004448770131828E-01,
2443329.500000000, A.D. 1977-Jul-05 00:00:00.0000, -1.039766907305085E+09,  8.944933948671991E+08,  2.568122652364081E+07, -6.831490015475219E+00, -7.348600793490350E+00,  4.001599119467358E-01,
2443330.500000000, A.D. 1977-Jul-06 00:00:00.0000, -1.040356937527549E+09,  8.938583235552921E+08,  2.571578388549346E+07, -6.826681260319166E+00, -7.352112133789843E+00,  3.997792529273423E-01,
2443331.500000000, A.D. 1977-Jul-07 00:00:00.0000, -1.040946564005086E+09,  8.932229478186846E+08,  2.575031017181754E+07, -6.822097000033668E+00, -7.355661011822153E+00,  3.994431364540394E-01,
2443332.500000000, A.D. 1977-Jul-08 00:00:00.0000, -1.041535801016235E+09,  8.925872657782849E+08,  2.578480791556907E+07, -6.817694843959988E+00, -7.359208715770787E+00,  3.991243026134459E-01,
2443333.500000000, A.D. 1977-Jul-09 00:00:00.0000, -1.042124666375883E+09,  8.919512711958020E+08,  2.581928219210172E+07, -6.813450825909033E+00, -7.362913277795794E+00,  3.989049330649381E-01,
2443334.500000000, A.D. 1977-Jul-10 00:00:00.0000, -1.042713166841639E+09,  8.913149511875448E+08,  2.585374048514378E+07, -6.809252309442491E+00, -7.366745745499520E+00,  3.987569501431398E-01,
2443335.500000000, A.D. 1977-Jul-11 00:00:00.0000, -1.043301303299837E+09,  8.906782952109058E+08,  2.588818850840288E+07, -6.805033270442221E+00, -7.370656421871614E+00,  3.986500108643027E-01,
2443336.500000000, A.D. 1977-Jul-12 00:00:00.0000, -1.043889081500789E+09,  8.900412970441570E+08,  2.592263012529701E+07, -6.800946047282872E+00, -7.374728933334895E+00,  3.986401702644624E-01,
2443337.500000000, A.D. 1977-Jul-13 00:00:00.0000, -1.044476500582926E+09,  8.894039347641032E+08,  2.595707678818238E+07, -6.796675501483396E+00, -7.379041700891031E+00,  3.987393832813213E-01,
2443338.500000000, A.D. 1977-Jul-14 00:00:00.0000, -1.045063543355450E+09,  8.887661973436738E+08,  2.599153260205138E+07, -6.792255456376022E+00, -7.383426462404301E+00,  3.988618904313519E-01,
2443339.500000000, A.D. 1977-Jul-15 00:00:00.0000, -1.045650193934580E+09,  8.881280767630044E+08,  2.602600037405396E+07, -6.787580276760843E+00, -7.387870878631746E+00,  3.989929489805251E-01,
2443340.500000000, A.D. 1977-Jul-16 00:00:00.0000, -1.046236432385212E+09,  8.874895745221318E+08,  2.606047748745829E+07, -6.782713317749397E+00, -7.392264102601107E+00,  3.990801989537816E-01,
2443341.500000000, A.D. 1977-Jul-17 00:00:00.0000, -1.046822242913610E+09,  8.868506983626497E+08,  2.609495858240420E+07, -6.777712547318409E+00, -7.396518435362508E+00,  3.990839034676221E-01,
2443342.500000000, A.D. 1977-Jul-18 00:00:00.0000, -1.047407618402283E+09,  8.862114568556858E+08,  2.612943861572760E+07, -6.772601763729799E+00, -7.400727992558496E+00,  3.990560241430816E-01,
2443343.500000000, A.D. 1977-Jul-19 00:00:00.0000, -1.047992542771753E+09,  8.855718610334985E+08,  2.616391055090672E+07, -6.767327315561557E+00, -7.404663733697897E+00,  3.988718304933196E-01,
2443344.500000000, A.D. 1977-Jul-20 00:00:00.0000, -1.048577018589509E+09,  8.849319363952801E+08,  2.619836152587944E+07, -6.762216671394521E+00, -7.408390011013891E+00,  3.985976963420357E-01,
2443345.500000000, A.D. 1977-Jul-21 00:00:00.0000, -1.049161057744442E+09,  8.842916961920573E+08,  2.623278606762218E+07, -6.757247041590751E+00, -7.411966624525907E+00,  3.982608978371784E-01,
2443346.500000000, A.D. 1977-Jul-22 00:00:00.0000, -1.049744675935344E+09,  8.836511495406251E+08,  2.626718108283174E+07, -6.752458513809211E+00, -7.415491233855471E+00,  3.979172340198480E-01,
2443347.500000000, A.D. 1977-Jul-23 00:00:00.0000, -1.050327888462761E+09,  8.830102996881425E+08,  2.630154655070657E+07, -6.747864669464132E+00, -7.419005802325930E+00,  3.975881159385524E-01,
2443348.500000000, A.D. 1977-Jul-24 00:00:00.0000, -1.050910708855816E+09,  8.823691425830902E+08,  2.633588604039949E+07, -6.743346536564238E+00, -7.422584607491769E+00,  3.973028173958753E-01,
2443349.500000000, A.D. 1977-Jul-25 00:00:00.0000, -1.051493145550018E+09,  8.817276796866177E+08,  2.637019976226455E+07, -6.739049623708670E+00, -7.426117221975971E+00,  3.970151000605702E-01,
2443350.500000000, A.D. 1977-Jul-26 00:00:00.0000, -1.052075219932602E+09,  8.810859013367090E+08,  2.640449492757666E+07, -6.734889613007223E+00, -7.429893213336999E+00,  3.968697168946518E-01,
2443351.500000000, A.D. 1977-Jul-27 00:00:00.0000, -1.052656934252204E+09,  8.804437896502593E+08,  2.643878114201146E+07, -6.730716493707371E+00, -7.433831824538818E+00,  3.968074852507679E-01,
2443352.500000000, A.D. 1977-Jul-28 00:00:00.0000, -1.053238285458639E+09,  8.798013309824369E+08,  2.647306531487429E+07, -6.726474671353180E+00, -7.437914692147539E+00,  3.968158336719272E-01,
2443353.500000000, A.D. 1977-Jul-29 00:00:00.0000, -1.053819267538561E+09,  8.791585144949008E+08,  2.650735258605963E+07, -6.722166735949111E+00, -7.442131520940359E+00,  3.968879498982627E-01,
2443354.500000000, A.D. 1977-Jul-30 00:00:00.0000, -1.054399868748753E+09,  8.785153283311406E+08,  2.654164813441682E+07, -6.717657573792708E+00, -7.446426315358871E+00,  3.969829065559045E-01,
2443355.500000000, A.D. 1977-Jul-31 00:00:00.0000, -1.054980078137492E+09,  8.778717692019783E+08,  2.657595264243138E+07, -6.713075316503502E+00, -7.450816169347120E+00,  3.971207691003444E-01,
2443356.500000000, A.D. 1977-Aug-01 00:00:00.0000, -1.055559876866160E+09,  8.772278265019155E+08,  2.661026998437059E+07, -6.708136804836501E+00, -7.455238880462923E+00,  3.972433040657490E-01,
2443357.500000000, A.D. 1977-Aug-02 00:00:00.0000, -1.056139239185625E+09,  8.765835099855072E+08,  2.664459268962961E+07, -6.703011195604745E+00, -7.459467498897781E+00,  3.972485044694118E-01,
2443358.500000000, A.D. 1977-Aug-03 00:00:00.0000, -1.056718154855098E+09,  8.759388361901245E+08,  2.667891141203111E+07, -6.697815855752797E+00, -7.463500431718720E+00,  3.971474865810052E-01,
2443359.500000000, A.D. 1977-Aug-04 00:00:00.0000, -1.057296622834144E+09,  8.752938204188687E+08,  2.671321822970700E+07, -6.692628162118808E+00, -7.467399426541312E+00,  3.969799740531599E-01,
2443360.500000000, A.D. 1977-Aug-05 00:00:00.0000, -1.057874642256975E+09,  8.746484772278860E+08,  2.674750572111094E+07, -6.687490946067166E+00, -7.471071011387102E+00,  3.967005833791779E-01,
2443361.500000000, A.D. 1977-Aug-06 00:00:00.0000, -1.058452225085066E+09,  8.740028200333756E+08,  2.678176821019900E+07, -6.682477912097039E+00, -7.474683004678898E+00,  3.964054362512965E-01,
2443362.500000000, A.D. 1977-Aug-07 00:00:00.0000, -1.059029377032703E+09,  8.733568578977114E+08,  2.681600179370987E+07, -6.677569903626293E+00, -7.478108203079304E+00,  3.960246408750572E-01,
2443363.500000000, A.D. 1977-Aug-08 00:00:00.0000, -1.059606119128301E+09,  8.727106028705945E+08,  2.685020236590606E+07, -6.672974022074309E+00, -7.481516937537094E+00,  3.956682375079579E-01,
2443364.500000000, A.D. 1977-Aug-09 00:00:00.0000, -1.060182471882118E+09,  8.720640494058253E+08,  2.688437497209257E+07, -6.668555271376481E+00, -7.485022956240062E+00,  3.953800502849147E-01,
2443365.500000000, A.D. 1977-Aug-10 00:00:00.0000, -1.060758445724957E+09,  8.714171866205671E+08,  2.691852638639349E+07, -6.664174924775828E+00, -7.488649448131406E+00,  3.951607095955287E-01,
2443366.500000000, A.D. 1977-Aug-11 00:00:00.0000, -1.061334046142616E+09,  8.707700093182958E+08,  2.695265996638256E+07, -6.659934458479801E+00, -7.492340381807082E+00,  3.949887689333185E-01,
2443367.500000000, A.D. 1977-Aug-12 00:00:00.0000, -1.061909281572125E+09,  8.701225042305328E+08,  2.698678356838471E+07, -6.655686618514624E+00, -7.496217658334480E+00,  3.949155772941149E-01,
2443368.500000000, A.D. 1977-Aug-13 00:00:00.0000, -1.062484150377208E+09,  8.694746611849657E+08,  2.702090239619881E+07, -6.651484513188964E+00, -7.500188901188229E+00,  3.948953033049527E-01,
2443369.500000000, A.D. 1977-Aug-14 00:00:00.0000, -1.063058653980357E+09,  8.688264629763439E+08,  2.705502563635927E+07, -6.647165322388832E+00, -7.504423820674119E+00,  3.950029298863780E-01,
2443370.500000000, A.D. 1977-Aug-15 00:00:00.0000, -1.063632774207059E+09,  8.681778941447020E+08,  2.708915963748795E+07, -6.642609639715901E+00, -7.508757384296845E+00,  3.951393738732665E-01,
2443371.500000000, A.D. 1977-Aug-16 00:00:00.0000, -1.064206489907746E+09,  8.675289516347597E+08,  2.712330410158402E+07, -6.637831659226257E+00, -7.513045631006313E+00,  3.952328333825528E-01,
2443372.500000000, A.D. 1977-Aug-17 00:00:00.0000, -1.064779789133619E+09,  8.668796395968899E+08,  2.715745579885399E+07, -6.632948568553867E+00, -7.517338705577121E+00,  3.953198450177613E-01,
2443373.500000000, A.D. 1977-Aug-18 00:00:00.0000, -1.065352654703565E+09,  8.662299582277528E+08,  2.719161316689909E+07, -6.627801039386958E+00, -7.521537029862397E+00,  3.953338876191577E-01,
2443374.500000000, A.D. 1977-Aug-19 00:00:00.0000, -1.065925073357239E+09,  8.655799224990445E+08,  2.722576722426623E+07, -6.622608447773908E+00, -7.525580811433194E+00,  3.952651735919330E-01,
2443375.500000000, A.D. 1977-Aug-20 00:00:00.0000, -1.066497037004211E+09,  8.649295442597560E+08,  2.725991129936832E+07, -6.617293149121738E+00, -7.529419206559986E+00,  3.950802565966285E-01,
2443376.500000000, A.D. 1977-Aug-21 00:00:00.0000, -1.067068545127577E+09,  8.642788458299809E+08,  2.729403388986456E+07, -6.612087213248478E+00, -7.533009474180394E+00,  3.947795336492423E-01,
2443377.500000000, A.D. 1977-Aug-22 00:00:00.0000, -1.067639612592811E+09,  8.636278443759413E+08,  2.732812774943537E+07, -6.607110127561695E+00, -7.536461399462547E+00,  3.944305709498233E-01,
2443378.500000000, A.D. 1977-Aug-23 00:00:00.0000, -1.068210258214368E+09,  8.629765433681371E+08,  2.736219302361882E+07, -6.602272608880162E+00, -7.539951700660287E+00,  3.941178227046032E-01,
2443379.500000000, A.D. 1977-Aug-24 00:00:00.0000, -1.068780488371618E+09,  8.623249452075346E+08,  2.739622928464746E+07, -6.597557729465574E+00, -7.543325963635926E+00,  3.937574390675360E-01,
2443380.500000000, A.D. 1977-Aug-25 00:00:00.0000, -1.069350322341056E+09,  8.616730529404355E+08,  2.743023694368285E+07, -6.593051355789384E+00, -7.546784100500700E+00,  3.934639346556015E-01,
2443381.500000000, A.D. 1977-Aug-26 00:00:00.0000, -1.069919771598521E+09,  8.610208602268473E+08,  2.746422058628029E+07, -6.588680125305956E+00, -7.550282777984581E+00,  3.932048696632910E-01,
2443382.500000000, A.D. 1977-Aug-27 00:00:00.0000, -1.070488850559843E+09,  8.603683588161649E+08,  2.749818598090982E+07, -6.584453118323571E+00, -7.553951803660977E+00,  3.930505131839426E-01,
2443383.500000000, A.D. 1977-Aug-28 00:00:00.0000, -1.071057565144002E+09,  8.597155316923684E+08,  2.753214265015668E+07, -6.580232291537839E+00, -7.557825876058784E+00,  3.930035008975077E-01,
2443384.500000000, A.D. 1977-Aug-29 00:00:00.0000, -1.071625908882991E+09,  8.590623617751710E+08,  2.756609897312117E+07, -6.575847993733790E+00, -7.561839684977295E+00,  3.930157265617367E-01,
2443385.500000000, A.D. 1977-Aug-30 00:00:00.0000, -1.072193873701126E+09,  8.584088448259096E+08,  2.760005645032120E+07, -6.571489726036623E+00, -7.565911907053765E+00,  3.930609569654253E-01,
2443386.500000000, A.D. 1977-Aug-31 00:00:00.0000, -1.072761455831521E+09,  8.577549661819048E+08,  2.763402248270673E+07, -6.566940797184433E+00, -7.570178909315370E+00,  3.931911701452129E-01,
2443387.500000000, A.D. 1977-Sep-01 00:00:00.0000, -1.073328635371196E+09,  8.571007177286015E+08,  2.766799941411048E+07, -6.562187951822629E+00, -7.574470327647103E+00,  3.933145673643343E-01,
2443388.500000000, A.D. 1977-Sep-02 00:00:00.0000, -1.073895393916460E+09,  8.564460974158312E+08,  2.770198669693327E+07, -6.557175249248046E+00, -7.578756919439433E+00,  3.934127544232120E-01,
2443389.500000000, A.D. 1977-Sep-03 00:00:00.0000, -1.074461710491921E+09,  8.557911129217782E+08,  2.773597843301862E+07, -6.551970324245511E+00, -7.582900156658511E+00,  3.934195398787796E-01,
2443390.500000000, A.D. 1977-Sep-04 00:00:00.0000, -1.075027571131683E+09,  8.551357807151536E+08,  2.776996494562900E+07, -6.546678478628921E+00, -7.586781110709984E+00,  3.932836790530603E-01,
2443391.500000000, A.D. 1977-Sep-05 00:00:00.0000, -1.075592980165280E+09,  8.544801191238763E+08,  2.780393724145377E+07, -6.541480412587013E+00, -7.590568168145934E+00,  3.931103613141094E-01,
2443392.500000000, A.D. 1977-Sep-06 00:00:00.0000, -1.076157936345328E+09,  8.538241357429296E+08,  2.783789150982976E+07, -6.536217758721965E+00, -7.594181559527605E+00,  3.928424826877963E-01,
2443393.500000000, A.D. 1977-Sep-07 00:00:00.0000, -1.076722445225586E+09,  8.531678499116418E+08,  2.787181836484373E+07, -6.531144104924882E+00, -7.597611698382886E+00,  3.925003756066632E-01,
2443394.500000000, A.D. 1977-Sep-08 00:00:00.0000, -1.077286522488546E+09,  8.525112716558149E+08,  2.790571437438744E+07, -6.526245674529875E+00, -7.600943033233364E+00,  3.921255294356691E-01,
2443395.500000000, A.D. 1977-Sep-09 00:00:00.0000, -1.077850186753142E+09,  8.518544057883056E+08,  2.793957896096349E+07, -6.521559499289660E+00, -7.604284645493822E+00,  3.917790286756215E-01,
2443396.500000000, A.D. 1977-Sep-10 00:00:00.0000, -1.078413454815702E+09,  8.511972503295287E+08,  2.797341494306636E+07, -6.517091431021450E+00, -7.607675664810550E+00,  3.914798102325410E-01,
2443397.500000000, A.D. 1977-Sep-11 00:00:00.0000, -1.078976341129299E+09,  8.505397931737993E+08,  2.800723012606764E+07, -6.512667082434263E+00, -7.611253923046510E+00,  3.912849861905507E-01,
2443398.500000000, A.D. 1977-Sep-12 00:00:00.0000, -1.079538844948665E+09,  8.498820269851747E+08,  2.804102840468627E+07, -6.508301383704826E+00, -7.614821095676114E+00,  3.910902374673277E-01,
2443399.500000000, A.D. 1977-Sep-13 00:00:00.0000, -1.080100979187647E+09,  8.492239448767787E+08,  2.807481471279860E+07, -6.504054555202785E+00, -7.618595992102083E+00,  3.910175251097225E-01,
2443400.500000000, A.D. 1977-Sep-14 00:00:00.0000, -1.080662744568409E+09,  8.485655287525663E+08,  2.810859862699068E+07, -6.499763026711597E+00, -7.622556405560449E+00,  3.910367208800456E-01,
2443401.500000000, A.D. 1977-Sep-15 00:00:00.0000, -1.081224132769858E+09,  8.479067625069394E+08,  2.814238780703950E+07, -6.495308436809913E+00, -7.626674906312459E+00,  3.911243761406156E-01,
2443402.500000000, A.D. 1977-Sep-16 00:00:00.0000, -1.081785129655677E+09,  8.472476365687222E+08,  2.817618594280547E+07, -6.490697725150471E+00, -7.630892725526602E+00,  3.912491033262389E-01,
2443403.500000000, A.D. 1977-Sep-17 00:00:00.0000, -1.082345716078288E+09,  8.465881436542547E+08,  2.820999514319783E+07, -6.485799145036890E+00, -7.635117979053732E+00,  3.913522265600213E-01,
2443404.500000000, A.D. 1977-Sep-18 00:00:00.0000, -1.082905875423913E+09,  8.459282914138565E+08,  2.824380989487076E+07, -6.480841376775280E+00, -7.639259473425025E+00,  3.914067320973240E-01,
2443405.500000000, A.D. 1977-Sep-19 00:00:00.0000, -1.083465597238217E+09,  8.452680796448855E+08,  2.827762949180567E+07, -6.475639732337924E+00, -7.643390843310397E+00,  3.914348506683600E-01,
2443406.500000000, A.D. 1977-Sep-20 00:00:00.0000, -1.084024861930645E+09,  8.446075196650331E+08,  2.831144627147543E+07, -6.470285663598871E+00, -7.647311456975386E+00,  3.913404420153603E-01,
2443407.500000000, A.D. 1977-Sep-21 00:00:00.0000, -1.084583662659767E+09,  8.439466319090856E+08,  2.834524920806634E+07, -6.464933476141587E+00, -7.650975026684224E+00,  3.911152234819046E-01,
2443408.500000000, A.D. 1977-Sep-22 00:00:00.0000, -1.085142007235695E+09,  8.432854353896155E+08,  2.837902933454013E+07, -6.459718411777658E+00, -7.654488457623969E+00,  3.908277935619582E-01,
2443409.500000000, A.D. 1977-Sep-23 00:00:00.0000, -1.085699904860654E+09,  8.426239420203468E+08,  2.841278159373778E+07, -6.454631669325908E+00, -7.657827586358839E+00,  3.904636802127803E-01,
2443410.500000000, A.D. 1977-Sep-24 00:00:00.0000, -1.086257375210958E+09,  8.419621607781075E+08,  2.844650333320045E+07, -6.449774691951946E+00, -7.661196986111330E+00,  3.901402893269736E-01,
2443411.500000000, A.D. 1977-Sep-25 00:00:00.0000, -1.086814427074786E+09,  8.413000892399647E+08,  2.848019690782678E+07, -6.444974193211138E+00, -7.664512644261255E+00,  3.897957928883158E-01,
2443412.500000000, A.D. 1977-Sep-26 00:00:00.0000, -1.087371074177669E+09,  8.406377332680773E+08,  2.851386071659601E+07, -6.440412915408920E+00, -7.667815726441710E+00,  3.894705285619717E-01,
2443413.500000000, A.D. 1977-Sep-27 00:00:00.0000, -1.087927335719646E+09,  8.399750872305183E+08,  2.854749972565222E+07, -6.436044205487016E+00, -7.671241854588983E+00,  3.892284282815894E-01,
2443414.500000000, A.D. 1977-Sep-28 00:00:00.0000, -1.088483223040283E+09,  8.393121353589680E+08,  2.858112332485837E+07, -6.431698004239222E+00, -7.674883138963859E+00,  3.891027102041815E-01,
2443415.500000000, A.D. 1977-Sep-29 00:00:00.0000, -1.089038734655370E+09,  8.386488657422680E+08,  2.861473767734617E+07, -6.427385378019687E+00, -7.678616916190845E+00,  3.890284154859120E-01,
2443416.500000000, A.D. 1977-Sep-30 00:00:00.0000, -1.089593871567549E+09,  8.379852635316309E+08,  2.864835073120761E+07, -6.422973038573070E+00, -7.682559081739255E+00,  3.890556535825467E-01,
2443417.500000000, A.D. 1977-Oct-01 00:00:00.0000, -1.090148622018357E+09,  8.373213190980191E+08,  2.868196646527869E+07, -6.418480571958664E+00, -7.686540643979964E+00,  3.890955458792846E-01,
2443418.500000000, A.D. 1977-Oct-02 00:00:00.0000, -1.090702982046389E+09,  8.366570232926960E+08,  2.871558936389542E+07, -6.413883265626783E+00, -7.690702692464308E+00,  3.892214222764330E-01,
2443419.500000000, A.D. 1977-Oct-03 00:00:00.0000, -1.091256933870654E+09,  8.359923638863313E+08,  2.874922415426546E+07, -6.409027104703737E+00, -7.694944839460705E+00,  3.893644367211104E-01,
2443420.500000000, A.D. 1977-Oct-04 00:00:00.0000, -1.091810451695986E+09,  8.353273401662980E+08,  2.878286889400840E+07, -6.403860050925298E+00, -7.699078707079246E+00,  3.894236705679019E-01,
2443421.500000000, A.D. 1977-Oct-05 00:00:00.0000, -1.092363520207509E+09,  8.346619672830933E+08,  2.881651435117030E+07, -6.398633327874188E+00, -7.703065418817292E+00,  3.894022935740091E-01,
2443422.500000000, A.D. 1977-Oct-06 00:00:00.0000, -1.092916130573952E+09,  8.339962550421174E+08,  2.885015482868129E+07, -6.393259902725884E+00, -7.706892696216598E+00,  3.892864395570732E-01,
2443423.500000000, A.D. 1977-Oct-07 00:00:00.0000, -1.093468279078299E+09,  8.333302226581271E+08,  2.888378009281617E+07, -6.387970559677959E+00, -7.710518370316111E+00,  3.890757360583472E-01,
2443424.500000000, A.D. 1977-Oct-08 00:00:00.0000, -1.094019970718516E+09,  8.326638808143169E+08,  2.891738534228301E+07, -6.382675730478039E+00, -7.714021286319988E+00,  3.888033452478563E-01,
2443425.500000000, A.D. 1977-Oct-09 00:00:00.0000, -1.094571209603614E+09,  8.319972446921370E+08,  2.895096324408251E+07, -6.377502119063287E+00, -7.717343064018092E+00,  3.884511790256409E-01,
2443426.500000000, A.D. 1977-Oct-10 00:00:00.0000, -1.095122010803796E+09,  8.313303288152561E+08,  2.898450795716465E+07, -6.372586749931265E+00, -7.720520557318202E+00,  3.880506236630907E-01,
2443427.500000000, A.D. 1977-Oct-11 00:00:00.0000, -1.095672399663018E+09,  8.306631347151077E+08,  2.901802125802785E+07, -6.367901740590328E+00, -7.723811172985689E+00,  3.877337286749816E-01,
2443428.500000000, A.D. 1977-Oct-12 00:00:00.0000, -1.096222385435862E+09,  8.299956543530028E+08,  2.905150841581094E+07, -6.363289075755235E+00, -7.727115160276400E+00,  3.874314573091708E-01,
2443429.500000000, A.D. 1977-Oct-13 00:00:00.0000, -1.096771981605211E+09,  8.293278843082392E+08,  2.908497260949111E+07, -6.358839864739072E+00, -7.730553423490876E+00,  3.872176162825602E-01,
2443430.500000000, A.D. 1977-Oct-14 00:00:00.0000, -1.097321193744388E+09,  8.286598132166286E+08,  2.911842047596139E+07, -6.354427663699690E+00, -7.734069355873846E+00,  3.870482593885134E-01,
2443431.500000000, A.D. 1977-Oct-15 00:00:00.0000, -1.097870028666997E+09,  8.279914324677457E+08,  2.915185724122465E+07, -6.350091807189549E+00, -7.737733305743392E+00,  3.869654212769453E-01,
2443432.500000000, A.D. 1977-Oct-16 00:00:00.0000, -1.098418489823957E+09,  8.273227266819103E+08,  2.918529133434117E+07, -6.345757104616524E+00, -7.741612650481122E+00,  3.869946684252858E-01,
2443433.500000000, A.D. 1977-Oct-17 00:00:00.0000, -1.098966567657346E+09,  8.266536752194662E+08,  2.921873267373341E+07, -6.341171912666598E+00, -7.745691377765469E+00,  3.871058303568629E-01,
2443434.500000000, A.D. 1977-Oct-18 00:00:00.0000, -1.099514241089492E+09,  8.259842734872702E+08,  2.925218170540440E+07, -6.336455726212569E+00, -7.749736843118958E+00,  3.871872388917903E-01,
2443435.500000000, A.D. 1977-Oct-19 00:00:00.0000, -1.100061500546223E+09,  8.253145172531455E+08,  2.928563986701524E+07, -6.331540852412397E+00, -7.753872898820445E+00,  3.872992886481681E-01,
2443436.500000000, A.D. 1977-Oct-20 00:00:00.0000, -1.100608326314847E+09,  8.246444066518289E+08,  2.931910528107673E+07, -6.326438634650702E+00, -7.757939084802748E+00,  3.873574074319706E-01,
2443437.500000000, A.D. 1977-Oct-21 00:00:00.0000, -1.101154703812783E+09,  8.239739477530918E+08,  2.935257356221116E+07, -6.321157036609289E+00, -7.761920111374958E+00,  3.873565563084647E-01,
2443438.500000000, A.D. 1977-Oct-22 00:00:00.0000, -1.101700618989102E+09,  8.233031521379628E+08,  2.938603747762966E+07, -6.315748795870341E+00, -7.765731314343832E+00,  3.872571468608275E-01,
2443439.500000000, A.D. 1977-Oct-23 00:00:00.0000, -1.102246062459171E+09,  8.226320381635791E+08,  2.941948684993708E+07, -6.310285176299828E+00, -7.769248526012465E+00,  3.870022538893929E-01,
2443440.500000000, A.D. 1977-Oct-24 00:00:00.0000, -1.102791045426120E+09,  8.219606300458214E+08,  2.945291031055158E+07, -6.305081024423758E+00, -7.772614862871714E+00,  3.866962535440446E-01,
2443441.500000000, A.D. 1977-Oct-25 00:00:00.0000, -1.103335581439645E+09,  8.212889323698102E+08,  2.948630704873902E+07, -6.299936016213044E+00, -7.775916638781131E+00,  3.863644589224831E-01,
2443442.500000000, A.D. 1977-Oct-26 00:00:00.0000, -1.103879680325839E+09,  8.206169543897218E+08,  2.951967331604540E+07, -6.294976009134201E+00, -7.779128832537557E+00,  3.860062910788455E-01,
2443443.500000000, A.D. 1977-Oct-27 00:00:00.0000, -1.104423357315365E+09,  8.199446993726206E+08,  2.955300913176346E+07, -6.290173136428001E+00, -7.782320995815495E+00,  3.856546646696102E-01,
2443444.500000000, A.D. 1977-Oct-28 00:00:00.0000, -1.104966628225932E+09,  8.192721670979743E+08,  2.958631626568860E+07, -6.285554548300849E+00, -7.785567344595904E+00,  3.853515017025160E-01,
2443445.500000000, A.D. 1977-Oct-29 00:00:00.0000, -1.105509506777217E+09,  8.185993526411287E+08,  2.961959877166849E+07, -6.281128410374857E+00, -7.788871361533199E+00,  3.850972394064840E-01,
2443446.500000000, A.D. 1977-Oct-30 00:00:00.0000, -1.106052008642979E+09,  8.179262408431126E+08,  2.965286612733150E+07, -6.276756876678905E+00, -7.792454533149195E+00,  3.849959239395959E-01,
2443447.500000000, A.D. 1977-Oct-31 00:00:00.0000, -1.106594127078403E+09,  8.172528150651225E+08,  2.968612648044181E+07, -6.272291987517109E+00, -7.796106172425300E+00,  3.849213530693758E-01,
2443448.500000000, A.D. 1977-Nov-01 00:00:00.0000, -1.107135862067300E+09,  8.165790688794980E+08,  2.971938326708543E+07, -6.267852888552441E+00, -7.799902926146835E+00,  3.849272918676823E-01,
2443449.500000000, A.D. 1977-Nov-02 00:00:00.0000, -1.107677209181527E+09,  8.159049883982873E+08,  2.975264340269959E+07, -6.263319887406143E+00, -7.803842015250343E+00,  3.849981627332695E-01,
2443450.500000000, A.D. 1977-Nov-03 00:00:00.0000, -1.108218156724909E+09,  8.152305605856059E+08,  2.978591263195008E+07, -6.258574484945090E+00, -7.807913046921543E+00,  3.851192302092219E-01,
2443451.500000000, A.D. 1977-Nov-04 00:00:00.0000, -1.108758686306253E+09,  8.145557801970606E+08,  2.981919198825026E+07, -6.253646378280626E+00, -7.812020191099006E+00,  3.852419223654207E-01,
2443452.500000000, A.D. 1977-Nov-05 00:00:00.0000, -1.109298776459910E+09,  8.138806445923297E+08,  2.985248096400607E+07, -6.248388916949391E+00, -7.816078702573593E+00,  3.853104840545418E-01,
2443453.500000000, A.D. 1977-Nov-06 00:00:00.0000, -1.109838406699913E+09,  8.132051702113531E+08,  2.988576915731168E+07, -6.243068646422913E+00, -7.819887051155405E+00,  3.852439289388907E-01,
2443454.500000000, A.D. 1977-Nov-07 00:00:00.0000, -1.110377576219378E+09,  8.125293697025588E+08,  2.991905014101648E+07, -6.237686811556088E+00, -7.823613100935072E+00,  3.851315657310885E-01,
2443455.500000000, A.D. 1977-Nov-08 00:00:00.0000, -1.110916278899022E+09,  8.118532551427405E+08,  2.995231718351305E+07, -6.232276285091215E+00, -7.827162659169479E+00,  3.849264175406937E-01,
2443456.500000000, A.D. 1977-Nov-09 00:00:00.0000, -1.111454514657676E+09,  8.111768431011361E+08,  2.998556191979367E+07, -6.226915373013131E+00, -7.830485956461883E+00,  3.846111191686044E-01,
2443457.500000000, A.D. 1977-Nov-10 00:00:00.0000, -1.111992296307194E+09,  8.105001503069513E+08,  3.001877705453473E+07, -6.221755619741976E+00, -7.833694117631072E+00,  3.842580046543835E-01,
2443458.500000000, A.D. 1977-Nov-11 00:00:00.0000, -1.112529637596402E+09,  8.098231841547670E+08,  3.005196033163726E+07, -6.216748435429538E+00, -7.836789991967390E+00,  3.838629506249944E-01,
2443459.500000000, A.D. 1977-Nov-12 00:00:00.0000, -1.113066560972909E+09,  8.091459505296247E+08,  3.008511094808900E+07, -6.212049476204225E+00, -7.839955007930994E+00,  3.835358148062253E-01,
2443460.500000000, A.D. 1977-Nov-13 00:00:00.0000, -1.113603079705420E+09,  8.084684375856266E+08,  3.011823656317198E+07, -6.207380961184302E+00, -7.843213364467442E+00,  3.832613721982732E-01,
2443461.500000000, A.D. 1977-Nov-14 00:00:00.0000, -1.114139199807410E+09,  8.077906417221793E+08,  3.015133972812754E+07, -6.202825500948080E+00, -7.846513738338713E+00,  3.830221049861255E-01,
2443462.500000000, A.D. 1977-Nov-15 00:00:00.0000, -1.114674932270718E+09,  8.071125570775121E+08,  3.018442472969311E+07, -6.198415382394571E+00, -7.849918593584435E+00,  3.828518080863064E-01,
2443463.500000000, A.D. 1977-Nov-16 00:00:00.0000, -1.115210286539520E+09,  8.064341679471151E+08,  3.021750073285323E+07, -6.194016956772992E+00, -7.853566548344091E+00,  3.828112478691361E-01,
2443464.500000000, A.D. 1977-Nov-17 00:00:00.0000, -1.115745256328689E+09,  8.057554587351855E+08,  3.025057534286153E+07, -6.189555660592595E+00, -7.857323241496513E+00,  3.828208938111204E-01,
2443465.500000000, A.D. 1977-Nov-18 00:00:00.0000, -1.116279836573017E+09,  8.050764146783111E+08,  3.028365584394950E+07, -6.184929424057223E+00, -7.861304822863473E+00,  3.829343045560840E-01,
2443466.500000000, A.D. 1977-Nov-19 00:00:00.0000, -1.116814005741051E+09,  8.043970264041034E+08,  3.031674515969861E+07, -6.180083194343871E+00, -7.865271156014161E+00,  3.830187220836305E-01,
2443467.500000000, A.D. 1977-Nov-20 00:00:00.0000, -1.117347751601393E+09,  8.037172949197598E+08,  3.034984171064001E+07, -6.175116087892254E+00, -7.869261585414236E+00,  3.831064829121265E-01,
2443468.500000000, A.D. 1977-Nov-21 00:00:00.0000, -1.117881060286752E+09,  8.030372182421100E+08,  3.038294529830778E+07, -6.169959009205985E+00, -7.873257303670955E+00,  3.831792826067884E-01,
2443469.500000000, A.D. 1977-Nov-22 00:00:00.0000, -1.118413911079331E+09,  8.023567992183895E+08,  3.041605263156021E+07, -6.164514377375133E+00, -7.877127629975501E+00,  3.831619668585335E-01,
2443470.500000000, A.D. 1977-Nov-23 00:00:00.0000, -1.118946289663957E+09,  8.016760583081892E+08,  3.044915183317894E+07, -6.159067679261568E+00, -7.880750416935447E+00,  3.830174867670681E-01,
2443471.500000000, A.D. 1977-Nov-24 00:00:00.0000, -1.119478195987012E+09,  8.009950108374013E+08,  3.048223521118313E+07, -6.153583489524929E+00, -7.884189377006895E+00,  3.827769491413169E-01,
2443472.500000000, A.D. 1977-Nov-25 00:00:00.0000, -1.120009635014376E+09,  8.003136771287570E+08,  3.051529281708872E+07, -6.148288077554199E+00, -7.887414635024450E+00,  3.824452025969269E-01,
2443473.500000000, A.D. 1977-Nov-26 00:00:00.0000, -1.120540623678460E+09,  7.996320659296219E+08,  3.054832198416746E+07, -6.143127547959548E+00, -7.890607847135883E+00,  3.821123140350560E-01,
2443474.500000000, A.D. 1977-Nov-27 00:00:00.0000, -1.121071171782645E+09,  7.989501816830533E+08,  3.058132148980469E+07, -6.138088297995144E+00, -7.893745570411224E+00,  3.817646400019172E-01,
2443475.500000000, A.D. 1977-Nov-28 00:00:00.0000, -1.121601289963979E+09,  7.982680307362386E+08,  3.061428930497265E+07, -6.133227722054301E+00, -7.896773291886805E+00,  3.813786784192743E-01,
2443476.500000000, A.D. 1977-Nov-29 00:00:00.0000, -1.122131002054394E+09,  7.975856144625087E+08,  3.064722712534535E+07, -6.128636851474516E+00, -7.899934875186466E+00,  3.810907496407250E-01,
2443477.500000000, A.D. 1977-Nov-30 00:00:00.0000, -1.122660319157823E+09,  7.969029190302827E+08,  3.068014340306175E+07, -6.124094121386632E+00, -7.903204956792809E+00,  3.808644272696520E-01,
2443478.500000000, A.D. 1977-Dec-01 00:00:00.0000, -1.123189249795920E+09,  7.962199352374865E+08,  3.071304380332732E+07, -6.119663304753459E+00, -7.906649107352901E+00,  3.807416632442542E-01,
2443479.500000000, A.D. 1977-Dec-02 00:00:00.0000, -1.123717793884162E+09,  7.955366465788794E+08,  3.074593707474947E+07, -6.115156173528454E+00, -7.910228774843361E+00,  3.806825821714552E-01,
2443480.500000000, A.D. 1977-Dec-03 00:00:00.0000, -1.124245947424155E+09,  7.948530435931339E+08,  3.077882784295881E+07, -6.110606865474816E+00, -7.913926037394993E+00,  3.806828428687021E-01,
2443481.500000000, A.D. 1977-Dec-04 00:00:00.0000, -1.124773706784910E+09,  7.941691167284560E+08,  3.081172083009577E+07, -6.106038260990474E+00, -7.917756378082997E+00,  3.807503332360294E-01,
2443482.500000000, A.D. 1977-Dec-05 00:00:00.0000, -1.125301062718766E+09,  7.934848484974310E+08,  3.084462433552670E+07, -6.101206126871833E+00, -7.921795081682500E+00,  3.809031776646066E-01,
2443483.500000000, A.D. 1977-Dec-06 00:00:00.0000, -1.125827987485326E+09,  7.928002342521453E+08,  3.087753820362931E+07, -6.096118196186628E+00, -7.925743984745393E+00,  3.809848716533955E-01,
2443484.500000000, A.D. 1977-Dec-07 00:00:00.0000, -1.126354466245586E+09,  7.921152797553332E+08,  3.091045817731303E+07, -6.090842413230307E+00, -7.929662194148040E+00,  3.810357042661492E-01,
2443485.500000000, A.D. 1977-Dec-08 00:00:00.0000, -1.126880481711833E+09,  7.914299947214514E+08,  3.094337768696475E+07, -6.085434654306617E+00, -7.933396021144105E+00,  3.809788470162361E-01,
2443486.500000000, A.D. 1977-Dec-09 00:00:00.0000, -1.127406027414218E+09,  7.907443937080412E+08,  3.097628873986268E+07, -6.079975143955561E+00, -7.936968232934819E+00,  3.808357684154111E-01,
2443487.500000000, A.D. 1977-Dec-10 00:00:00.0000, -1.127931102231331E+09,  7.900584906406974E+08,  3.100918413584316E+07, -6.074530875826377E+00, -7.940402296360404E+00,  3.806242067148840E-01,
2443488.500000000, A.D. 1977-Dec-11 00:00:00.0000, -1.128455704635735E+09,  7.893722983423884E+08,  3.104205733754921E+07, -6.069059030432228E+00, -7.943617639016997E+00,  3.802992506705820E-01,
2443489.500000000, A.D. 1977-Dec-12 00:00:00.0000, -1.128979846352675E+09,  7.886858394936253E+08,  3.107489782919580E+07, -6.063899596888491E+00, -7.946646833644036E+00,  3.799097195173369E-01,
2443490.500000000, A.D. 1977-Dec-13 00:00:00.0000, -1.129503549911312E+09,  7.879991171292346E+08,  3.110770646702427E+07, -6.058893531220819E+00, -7.949693966988812E+00,  3.795464478843784E-01,
2443491.500000000, A.D. 1977-Dec-14 00:00:00.0000, -1.130026829151325E+09,  7.873121317720366E+08,  3.114048440733337E+07, -6.054075203802804E+00, -7.952756843404719E+00,  3.792112824065796E-01,
2443492.500000000, A.D. 1977-Dec-15 00:00:00.0000, -1.130549697596019E+09,  7.866248787661803E+08,  3.117323558509678E+07, -6.049380634222656E+00, -7.955885739809673E+00,  3.789239156926820E-01,
2443493.500000000, A.D. 1977-Dec-16 00:00:00.0000, -1.131072165732217E+09,  7.859373513547940E+08,  3.120596463681710E+07, -6.044790386916748E+00, -7.959121584310145E+00,  3.787046090793256E-01,
2443494.500000000, A.D. 1977-Dec-17 00:00:00.0000, -1.131594239478818E+09,  7.852495420227590E+08,  3.123867621646523E+07, -6.040296710991180E+00, -7.962403767121501E+00,  3.785190560964713E-01,
2443495.500000000, A.D. 1977-Dec-18 00:00:00.0000, -1.132115932182356E+09,  7.845614381813610E+08,  3.127137821383959E+07, -6.035890170610761E+00, -7.965977140471051E+00,  3.784955285614622E-01,
2443496.500000000, A.D. 1977-Dec-19 00:00:00.0000, -1.132637235221854E+09,  7.838730174529940E+08,  3.130408157036036E+07, -6.031292124890673E+00, -7.969696211068289E+00,  3.785293220158517E-01,
2443497.500000000, A.D. 1977-Dec-20 00:00:00.0000, -1.133158136527374E+09,  7.831842717014031E+08,  3.133678942974621E+07, -6.026582574941444E+00, -7.973511747109054E+00,  3.786049774942128E-01,
2443498.500000000, A.D. 1977-Dec-21 00:00:00.0000, -1.133678623516273E+09,  7.824951932356615E+08,  3.136950471880770E+07, -6.021710367984820E+00, -7.977386740606335E+00,  3.786962138634231E-01,
2443499.500000000, A.D. 1977-Dec-22 00:00:00.0000, -1.134198681355467E+09,  7.818057771191590E+08,  3.140222869397187E+07, -6.016618095693572E+00, -7.981306900817421E+00,  3.787921504740890E-01,
2443500.500000000, A.D. 1977-Dec-23 00:00:00.0000, -1.134718291859298E+09,  7.811160264104393E+08,  3.143495811284715E+07, -6.011385794271282E+00, -7.985153068802326E+00,  3.788365624461463E-01,
2443501.500000000, A.D. 1977-Dec-24 00:00:00.0000, -1.135237439864524E+09,  7.804259439646384E+08,  3.146769022924680E+07, -6.005879365213878E+00, -7.988934091948460E+00,  3.788240549911510E-01,
2443502.500000000, A.D. 1977-Dec-25 00:00:00.0000, -1.135756106131076E+09,  7.797355490031557E+08,  3.150041336109698E+07, -6.000310904629630E+00, -7.992388021279750E+00,  3.786368688573072E-01,
2443503.500000000, A.D. 1977-Dec-26 00:00:00.0000, -1.136274296639648E+09,  7.790448631639023E+08,  3.153311708624446E+07, -5.994845368551355E+00, -7.995685493814959E+00,  3.783815946532916E-01,
2443504.500000000, A.D. 1977-Dec-27 00:00:00.0000, -1.136792019484309E+09,  7.783538988326268E+08,  3.156579590629715E+07, -5.989497074136244E+00, -7.998854025205786E+00,  3.780722539580261E-01,
2443505.500000000, A.D. 1977-Dec-28 00:00:00.0000, -1.137309283393747E+09,  7.776626650559459E+08,  3.159844620405155E+07, -5.984238159558669E+00, -8.001897102884373E+00,  3.777088650041409E-01,
2443506.500000000, A.D. 1977-Dec-29 00:00:00.0000, -1.137826103241361E+09,  7.769711717791111E+08,  3.163106438702399E+07, -5.979202590192742E+00, -8.004901706101240E+00,  3.773494054158588E-01,
2443507.500000000, A.D. 1977-Dec-30 00:00:00.0000, -1.138342492131228E+09,  7.762794193111478E+08,  3.166365182453877E+07, -5.974277388372554E+00, -8.007865680484892E+00,  3.769814238348133E-01,
2443508.500000000, A.D. 1977-Dec-31 00:00:00.0000, -1.138858468758064E+09,  7.755874112567277E+08,  3.169620852939266E+07, -5.969662682752902E+00, -8.010885997396972E+00,  3.766744913866664E-01,